variable,unit,year,value,scenario,variant
Bevölkerung,"Tsd., Jahresmittel",2000,7184.2,ZERO-Basis,KKW50
Bevölkerung,"Tsd., Jahresmittel",2001,7229.85,ZERO-Basis,KKW50
Bevölkerung,"Tsd., Jahresmittel",2002,7284.799999999999,ZERO-Basis,KKW50
Bevölkerung,"Tsd., Jahresmittel",2003,7339.0,ZERO-Basis,KKW50
Bevölkerung,"Tsd., Jahresmittel",2004,7389.6,ZERO-Basis,KKW50
Bevölkerung,"Tsd., Jahresmittel",2005,7437.1,ZERO-Basis,KKW50
Bevölkerung,"Tsd., Jahresmittel",2006,7483.9195,ZERO-Basis,KKW50
Bevölkerung,"Tsd., Jahresmittel",2007,7551.1165,ZERO-Basis,KKW50
Bevölkerung,"Tsd., Jahresmittel",2008,7647.674999999999,ZERO-Basis,KKW50
Bevölkerung,"Tsd., Jahresmittel",2009,7743.831,ZERO-Basis,KKW50
Bevölkerung,"Tsd., Jahresmittel",2010,7827.903,ZERO-Basis,KKW50
Bevölkerung,"Tsd., Jahresmittel",2011,7912.331,ZERO-Basis,KKW50
Bevölkerung,"Tsd., Jahresmittel",2012,7996.861000000001,ZERO-Basis,KKW50
Bevölkerung,"Tsd., Jahresmittel",2013,8089.3455,ZERO-Basis,KKW50
Bevölkerung,"Tsd., Jahresmittel",2014,8188.648499999999,ZERO-Basis,KKW50
Bevölkerung,"Tsd., Jahresmittel",2015,8282.396,ZERO-Basis,KKW50
Bevölkerung,"Tsd., Jahresmittel",2016,8373.338,ZERO-Basis,KKW50
Bevölkerung,"Tsd., Jahresmittel",2017,8460.339150718035,ZERO-Basis,KKW50
Bevölkerung,"Tsd., Jahresmittel",2018,8541.929935215085,ZERO-Basis,KKW50
Bevölkerung,"Tsd., Jahresmittel",2019,8623.518223099936,ZERO-Basis,KKW50
Bevölkerung,"Tsd., Jahresmittel",2020,8705.0425977126,ZERO-Basis,KKW50
Bevölkerung,"Tsd., Jahresmittel",2021,8786.389712859424,ZERO-Basis,KKW50
Bevölkerung,"Tsd., Jahresmittel",2022,8867.448219636517,ZERO-Basis,KKW50
Bevölkerung,"Tsd., Jahresmittel",2023,8948.140223743398,ZERO-Basis,KKW50
Bevölkerung,"Tsd., Jahresmittel",2024,9028.341393892755,ZERO-Basis,KKW50
Bevölkerung,"Tsd., Jahresmittel",2025,9107.877965875832,ZERO-Basis,KKW50
Bevölkerung,"Tsd., Jahresmittel",2026,9186.610628732145,ZERO-Basis,KKW50
Bevölkerung,"Tsd., Jahresmittel",2027,9264.440516618777,ZERO-Basis,KKW50
Bevölkerung,"Tsd., Jahresmittel",2028,9341.253784019642,ZERO-Basis,KKW50
Bevölkerung,"Tsd., Jahresmittel",2029,9416.969540699622,ZERO-Basis,KKW50
Bevölkerung,"Tsd., Jahresmittel",2030,9491.544345606528,ZERO-Basis,KKW50
Bevölkerung,"Tsd., Jahresmittel",2031,9564.446420342843,ZERO-Basis,KKW50
Bevölkerung,"Tsd., Jahresmittel",2032,9634.621195917436,ZERO-Basis,KKW50
Bevölkerung,"Tsd., Jahresmittel",2033,9701.038070816245,ZERO-Basis,KKW50
Bevölkerung,"Tsd., Jahresmittel",2034,9762.15813328233,ZERO-Basis,KKW50
Bevölkerung,"Tsd., Jahresmittel",2035,9817.37220994013,ZERO-Basis,KKW50
Bevölkerung,"Tsd., Jahresmittel",2036,9867.166141522775,ZERO-Basis,KKW50
Bevölkerung,"Tsd., Jahresmittel",2037,9911.075058839575,ZERO-Basis,KKW50
Bevölkerung,"Tsd., Jahresmittel",2038,9949.534870379757,ZERO-Basis,KKW50
Bevölkerung,"Tsd., Jahresmittel",2039,9984.023071240277,ZERO-Basis,KKW50
Bevölkerung,"Tsd., Jahresmittel",2040,10015.56327242104,ZERO-Basis,KKW50
Bevölkerung,"Tsd., Jahresmittel",2041,10045.131649290266,ZERO-Basis,KKW50
Bevölkerung,"Tsd., Jahresmittel",2042,10073.286943657171,ZERO-Basis,KKW50
Bevölkerung,"Tsd., Jahresmittel",2043,10100.185942767595,ZERO-Basis,KKW50
Bevölkerung,"Tsd., Jahresmittel",2044,10125.870090383974,ZERO-Basis,KKW50
Bevölkerung,"Tsd., Jahresmittel",2045,10150.365850595575,ZERO-Basis,KKW50
Bevölkerung,"Tsd., Jahresmittel",2046,10173.75461295995,ZERO-Basis,KKW50
Bevölkerung,"Tsd., Jahresmittel",2047,10196.108279908316,ZERO-Basis,KKW50
Bevölkerung,"Tsd., Jahresmittel",2048,10217.45681078701,ZERO-Basis,KKW50
Bevölkerung,"Tsd., Jahresmittel",2049,10237.750273352136,ZERO-Basis,KKW50
Bevölkerung,"Tsd., Jahresmittel",2050,10256.972189963202,ZERO-Basis,KKW50
Bevölkerung,"Tsd., Jahresmittel",2051,10275.15002335436,ZERO-Basis,KKW50
Bevölkerung,"Tsd., Jahresmittel",2052,10292.297754553896,ZERO-Basis,KKW50
Bevölkerung,"Tsd., Jahresmittel",2053,10308.446341553026,ZERO-Basis,KKW50
Bevölkerung,"Tsd., Jahresmittel",2054,10323.551344654687,ZERO-Basis,KKW50
Bevölkerung,"Tsd., Jahresmittel",2055,10337.601778765213,ZERO-Basis,KKW50
Bevölkerung,"Tsd., Jahresmittel",2056,10350.667549026066,ZERO-Basis,KKW50
Bevölkerung,"Tsd., Jahresmittel",2057,10362.73667169871,ZERO-Basis,KKW50
Bevölkerung,"Tsd., Jahresmittel",2058,10373.879051924603,ZERO-Basis,KKW50
Bevölkerung,"Tsd., Jahresmittel",2059,10384.14112669057,ZERO-Basis,KKW50
Bevölkerung,"Tsd., Jahresmittel",2060,10393.590803848314,ZERO-Basis,KKW50
private Haushalte,"Tsd., Jahresmittel",2000,3143.871,ZERO-Basis,KKW50
private Haushalte,"Tsd., Jahresmittel",2001,3161.6885931611523,ZERO-Basis,KKW50
private Haushalte,"Tsd., Jahresmittel",2002,3181.427686544019,ZERO-Basis,KKW50
private Haushalte,"Tsd., Jahresmittel",2003,3200.8497333714167,ZERO-Basis,KKW50
private Haushalte,"Tsd., Jahresmittel",2004,3218.6935187284053,ZERO-Basis,KKW50
private Haushalte,"Tsd., Jahresmittel",2005,3235.178571881999,ZERO-Basis,KKW50
private Haushalte,"Tsd., Jahresmittel",2006,3251.3745801118334,ZERO-Basis,KKW50
private Haushalte,"Tsd., Jahresmittel",2007,3276.6078215221146,ZERO-Basis,KKW50
private Haushalte,"Tsd., Jahresmittel",2008,3314.8688628472887,ZERO-Basis,KKW50
private Haushalte,"Tsd., Jahresmittel",2009,3359.4054413260747,ZERO-Basis,KKW50
private Haushalte,"Tsd., Jahresmittel",2010,3398.6171504184226,ZERO-Basis,KKW50
private Haushalte,"Tsd., Jahresmittel",2011,3438.01592805332,ZERO-Basis,KKW50
private Haushalte,"Tsd., Jahresmittel",2012,3477.4892770122137,ZERO-Basis,KKW50
private Haushalte,"Tsd., Jahresmittel",2013,3520.5229223977462,ZERO-Basis,KKW50
private Haushalte,"Tsd., Jahresmittel",2014,3569.611422512357,ZERO-Basis,KKW50
private Haushalte,"Tsd., Jahresmittel",2015,3615.8541115612184,ZERO-Basis,KKW50
private Haushalte,"Tsd., Jahresmittel",2016,3665.141027499255,ZERO-Basis,KKW50
private Haushalte,"Tsd., Jahresmittel",2017,3709.5654628336943,ZERO-Basis,KKW50
private Haushalte,"Tsd., Jahresmittel",2018,3746.5285000000003,ZERO-Basis,KKW50
private Haushalte,"Tsd., Jahresmittel",2019,3787.822,ZERO-Basis,KKW50
private Haushalte,"Tsd., Jahresmittel",2020,3828.8305,ZERO-Basis,KKW50
private Haushalte,"Tsd., Jahresmittel",2021,3869.4075000000003,ZERO-Basis,KKW50
private Haushalte,"Tsd., Jahresmittel",2022,3909.5065,ZERO-Basis,KKW50
private Haushalte,"Tsd., Jahresmittel",2023,3949.1165,ZERO-Basis,KKW50
private Haushalte,"Tsd., Jahresmittel",2024,3988.349,ZERO-Basis,KKW50
private Haushalte,"Tsd., Jahresmittel",2025,4027.174,ZERO-Basis,KKW50
private Haushalte,"Tsd., Jahresmittel",2026,4065.309,ZERO-Basis,KKW50
private Haushalte,"Tsd., Jahresmittel",2027,4102.8,ZERO-Basis,KKW50
private Haushalte,"Tsd., Jahresmittel",2028,4139.823,ZERO-Basis,KKW50
private Haushalte,"Tsd., Jahresmittel",2029,4176.539,ZERO-Basis,KKW50
private Haushalte,"Tsd., Jahresmittel",2030,4212.9130000000005,ZERO-Basis,KKW50
private Haushalte,"Tsd., Jahresmittel",2031,4248.5085,ZERO-Basis,KKW50
private Haushalte,"Tsd., Jahresmittel",2032,4282.984,ZERO-Basis,KKW50
private Haushalte,"Tsd., Jahresmittel",2033,4316.039500000001,ZERO-Basis,KKW50
private Haushalte,"Tsd., Jahresmittel",2034,4347.0740000000005,ZERO-Basis,KKW50
private Haushalte,"Tsd., Jahresmittel",2035,4375.85,ZERO-Basis,KKW50
private Haushalte,"Tsd., Jahresmittel",2036,4402.4695,ZERO-Basis,KKW50
private Haushalte,"Tsd., Jahresmittel",2037,4426.683,ZERO-Basis,KKW50
private Haushalte,"Tsd., Jahresmittel",2038,4448.6295,ZERO-Basis,KKW50
private Haushalte,"Tsd., Jahresmittel",2039,4468.914500000001,ZERO-Basis,KKW50
private Haushalte,"Tsd., Jahresmittel",2040,4487.9490000000005,ZERO-Basis,KKW50
private Haushalte,"Tsd., Jahresmittel",2041,4506.184499999999,ZERO-Basis,KKW50
private Haushalte,"Tsd., Jahresmittel",2042,4523.75,ZERO-Basis,KKW50
private Haushalte,"Tsd., Jahresmittel",2043,4540.559,ZERO-Basis,KKW50
private Haushalte,"Tsd., Jahresmittel",2044,4556.677,ZERO-Basis,KKW50
private Haushalte,"Tsd., Jahresmittel",2045,4572.101500000001,ZERO-Basis,KKW50
private Haushalte,"Tsd., Jahresmittel",2046,4587.258754876099,ZERO-Basis,KKW50
private Haushalte,"Tsd., Jahresmittel",2047,4602.260767704213,ZERO-Basis,KKW50
private Haushalte,"Tsd., Jahresmittel",2048,4616.8745193432915,ZERO-Basis,KKW50
private Haushalte,"Tsd., Jahresmittel",2049,4631.077349089393,ZERO-Basis,KKW50
private Haushalte,"Tsd., Jahresmittel",2050,4644.862043890997,ZERO-Basis,KKW50
private Haushalte,"Tsd., Jahresmittel",2051,4658.241842086296,ZERO-Basis,KKW50
private Haushalte,"Tsd., Jahresmittel",2052,4671.223738472402,ZERO-Basis,KKW50
private Haushalte,"Tsd., Jahresmittel",2053,4683.822692981065,ZERO-Basis,KKW50
private Haushalte,"Tsd., Jahresmittel",2054,4696.0188058171625,ZERO-Basis,KKW50
private Haushalte,"Tsd., Jahresmittel",2055,4707.808985391906,ZERO-Basis,KKW50
private Haushalte,"Tsd., Jahresmittel",2056,4719.227577661553,ZERO-Basis,KKW50
private Haushalte,"Tsd., Jahresmittel",2057,4730.269150597589,ZERO-Basis,KKW50
private Haushalte,"Tsd., Jahresmittel",2058,4740.966812650669,ZERO-Basis,KKW50
private Haushalte,"Tsd., Jahresmittel",2059,4751.342731829235,ZERO-Basis,KKW50
private Haushalte,"Tsd., Jahresmittel",2060,4761.429309883201,ZERO-Basis,KKW50
Erwerbstätige,"Tsd. VZÄ, Jahresmittel",2000,3419.2112910870956,ZERO-Basis,KKW50
Erwerbstätige,"Tsd. VZÄ, Jahresmittel",2001,3468.0412248670928,ZERO-Basis,KKW50
Erwerbstätige,"Tsd. VZÄ, Jahresmittel",2002,3473.968658366239,ZERO-Basis,KKW50
Erwerbstätige,"Tsd. VZÄ, Jahresmittel",2003,3425.5425788505986,ZERO-Basis,KKW50
Erwerbstätige,"Tsd. VZÄ, Jahresmittel",2004,3422.0160654759643,ZERO-Basis,KKW50
Erwerbstätige,"Tsd. VZÄ, Jahresmittel",2005,3453.4617144349972,ZERO-Basis,KKW50
Erwerbstätige,"Tsd. VZÄ, Jahresmittel",2006,3532.794513960192,ZERO-Basis,KKW50
Erwerbstätige,"Tsd. VZÄ, Jahresmittel",2007,3652.4107023406496,ZERO-Basis,KKW50
Erwerbstätige,"Tsd. VZÄ, Jahresmittel",2008,3757.929922683177,ZERO-Basis,KKW50
Erwerbstätige,"Tsd. VZÄ, Jahresmittel",2009,3709.798761337917,ZERO-Basis,KKW50
Erwerbstätige,"Tsd. VZÄ, Jahresmittel",2010,3759.2341054257363,ZERO-Basis,KKW50
Erwerbstätige,"Tsd. VZÄ, Jahresmittel",2011,3812.2131095711557,ZERO-Basis,KKW50
Erwerbstätige,"Tsd. VZÄ, Jahresmittel",2012,3887.1217834517583,ZERO-Basis,KKW50
Erwerbstätige,"Tsd. VZÄ, Jahresmittel",2013,3943.1343803175996,ZERO-Basis,KKW50
Erwerbstätige,"Tsd. VZÄ, Jahresmittel",2014,3966.163279376046,ZERO-Basis,KKW50
Erwerbstätige,"Tsd. VZÄ, Jahresmittel",2015,3988.638742338196,ZERO-Basis,KKW50
Erwerbstätige,"Tsd. VZÄ, Jahresmittel",2016,3994.57547522703,ZERO-Basis,KKW50
Erwerbstätige,"Tsd. VZÄ, Jahresmittel",2017,4021.952088219823,ZERO-Basis,KKW50
Erwerbstätige,"Tsd. VZÄ, Jahresmittel",2018,4066.6254462722786,ZERO-Basis,KKW50
Erwerbstätige,"Tsd. VZÄ, Jahresmittel",2019,4103.989268028533,ZERO-Basis,KKW50
Erwerbstätige,"Tsd. VZÄ, Jahresmittel",2020,4136.111233226672,ZERO-Basis,KKW50
Erwerbstätige,"Tsd. VZÄ, Jahresmittel",2021,4157.330247962083,ZERO-Basis,KKW50
Erwerbstätige,"Tsd. VZÄ, Jahresmittel",2022,4177.593398734513,ZERO-Basis,KKW50
Erwerbstätige,"Tsd. VZÄ, Jahresmittel",2023,4197.196740319585,ZERO-Basis,KKW50
Erwerbstätige,"Tsd. VZÄ, Jahresmittel",2024,4216.576934394327,ZERO-Basis,KKW50
Erwerbstätige,"Tsd. VZÄ, Jahresmittel",2025,4235.556537852714,ZERO-Basis,KKW50
Erwerbstätige,"Tsd. VZÄ, Jahresmittel",2026,4250.957796924109,ZERO-Basis,KKW50
Erwerbstätige,"Tsd. VZÄ, Jahresmittel",2027,4265.949168890988,ZERO-Basis,KKW50
Erwerbstätige,"Tsd. VZÄ, Jahresmittel",2028,4280.61442867551,ZERO-Basis,KKW50
Erwerbstätige,"Tsd. VZÄ, Jahresmittel",2029,4295.145453641938,ZERO-Basis,KKW50
Erwerbstätige,"Tsd. VZÄ, Jahresmittel",2030,4309.834349914325,ZERO-Basis,KKW50
Erwerbstätige,"Tsd. VZÄ, Jahresmittel",2031,4323.960477385617,ZERO-Basis,KKW50
Erwerbstätige,"Tsd. VZÄ, Jahresmittel",2032,4338.220484615316,ZERO-Basis,KKW50
Erwerbstätige,"Tsd. VZÄ, Jahresmittel",2033,4352.474807248608,ZERO-Basis,KKW50
Erwerbstätige,"Tsd. VZÄ, Jahresmittel",2034,4366.533413496033,ZERO-Basis,KKW50
Erwerbstätige,"Tsd. VZÄ, Jahresmittel",2035,4380.464311615002,ZERO-Basis,KKW50
Erwerbstätige,"Tsd. VZÄ, Jahresmittel",2036,4388.079962720263,ZERO-Basis,KKW50
Erwerbstätige,"Tsd. VZÄ, Jahresmittel",2037,4395.389963535853,ZERO-Basis,KKW50
Erwerbstätige,"Tsd. VZÄ, Jahresmittel",2038,4402.523974201109,ZERO-Basis,KKW50
Erwerbstätige,"Tsd. VZÄ, Jahresmittel",2039,4409.480495465234,ZERO-Basis,KKW50
Erwerbstätige,"Tsd. VZÄ, Jahresmittel",2040,4416.32735124648,ZERO-Basis,KKW50
Erwerbstätige,"Tsd. VZÄ, Jahresmittel",2041,4418.71024392681,ZERO-Basis,KKW50
Erwerbstätige,"Tsd. VZÄ, Jahresmittel",2042,4420.970315137723,ZERO-Basis,KKW50
Erwerbstätige,"Tsd. VZÄ, Jahresmittel",2043,4423.085388571271,ZERO-Basis,KKW50
Erwerbstätige,"Tsd. VZÄ, Jahresmittel",2044,4425.011851885136,ZERO-Basis,KKW50
Erwerbstätige,"Tsd. VZÄ, Jahresmittel",2045,4426.725029335047,ZERO-Basis,KKW50
Erwerbstätige,"Tsd. VZÄ, Jahresmittel",2046,4424.648729760202,ZERO-Basis,KKW50
Erwerbstätige,"Tsd. VZÄ, Jahresmittel",2047,4422.455188005929,ZERO-Basis,KKW50
Erwerbstätige,"Tsd. VZÄ, Jahresmittel",2048,4420.190699981143,ZERO-Basis,KKW50
Erwerbstätige,"Tsd. VZÄ, Jahresmittel",2049,4417.797795493411,ZERO-Basis,KKW50
Erwerbstätige,"Tsd. VZÄ, Jahresmittel",2050,4415.323845045933,ZERO-Basis,KKW50
Erwerbstätige,"Tsd. VZÄ, Jahresmittel",2051,4410.138676855593,ZERO-Basis,KKW50
Erwerbstätige,"Tsd. VZÄ, Jahresmittel",2052,4404.890593104416,ZERO-Basis,KKW50
Erwerbstätige,"Tsd. VZÄ, Jahresmittel",2053,4399.549365728514,ZERO-Basis,KKW50
Erwerbstätige,"Tsd. VZÄ, Jahresmittel",2054,4394.217831539033,ZERO-Basis,KKW50
Erwerbstätige,"Tsd. VZÄ, Jahresmittel",2055,4388.913702320679,ZERO-Basis,KKW50
Erwerbstätige,"Tsd. VZÄ, Jahresmittel",2056,4384.282681239809,ZERO-Basis,KKW50
Erwerbstätige,"Tsd. VZÄ, Jahresmittel",2057,4379.831167646308,ZERO-Basis,KKW50
Erwerbstätige,"Tsd. VZÄ, Jahresmittel",2058,4375.622868304216,ZERO-Basis,KKW50
Erwerbstätige,"Tsd. VZÄ, Jahresmittel",2059,4371.630564167659,ZERO-Basis,KKW50
Erwerbstätige,"Tsd. VZÄ, Jahresmittel",2060,4367.851340173385,ZERO-Basis,KKW50
Bruttoinlandsprodukt,Mrd. CHF-2017,2000,519.5674688992137,ZERO-Basis,KKW50
Bruttoinlandsprodukt,Mrd. CHF-2017,2001,526.5982196015897,ZERO-Basis,KKW50
Bruttoinlandsprodukt,Mrd. CHF-2017,2002,524.8528205525498,ZERO-Basis,KKW50
Bruttoinlandsprodukt,Mrd. CHF-2017,2003,522.9066048026849,ZERO-Basis,KKW50
Bruttoinlandsprodukt,Mrd. CHF-2017,2004,535.039370218805,ZERO-Basis,KKW50
Bruttoinlandsprodukt,Mrd. CHF-2017,2005,549.0263229233371,ZERO-Basis,KKW50
Bruttoinlandsprodukt,Mrd. CHF-2017,2006,568.2503742574748,ZERO-Basis,KKW50
Bruttoinlandsprodukt,Mrd. CHF-2017,2007,588.7624059358895,ZERO-Basis,KKW50
Bruttoinlandsprodukt,Mrd. CHF-2017,2008,601.5282919029345,ZERO-Basis,KKW50
Bruttoinlandsprodukt,Mrd. CHF-2017,2009,586.9243028261341,ZERO-Basis,KKW50
Bruttoinlandsprodukt,Mrd. CHF-2017,2010,603.0546983107064,ZERO-Basis,KKW50
Bruttoinlandsprodukt,Mrd. CHF-2017,2011,612.7666564443982,ZERO-Basis,KKW50
Bruttoinlandsprodukt,Mrd. CHF-2017,2012,617.554205382828,ZERO-Basis,KKW50
Bruttoinlandsprodukt,Mrd. CHF-2017,2013,627.7116447803555,ZERO-Basis,KKW50
Bruttoinlandsprodukt,Mrd. CHF-2017,2014,641.848091232501,ZERO-Basis,KKW50
Bruttoinlandsprodukt,Mrd. CHF-2017,2015,647.9899994612315,ZERO-Basis,KKW50
Bruttoinlandsprodukt,Mrd. CHF-2017,2016,657.5975468318331,ZERO-Basis,KKW50
Bruttoinlandsprodukt,Mrd. CHF-2017,2017,669.5415733569392,ZERO-Basis,KKW50
Bruttoinlandsprodukt,Mrd. CHF-2017,2018,688.958278984291,ZERO-Basis,KKW50
Bruttoinlandsprodukt,Mrd. CHF-2017,2019,702.7374445639769,ZERO-Basis,KKW50
Bruttoinlandsprodukt,Mrd. CHF-2017,2020,712.5695287106394,ZERO-Basis,KKW50
Bruttoinlandsprodukt,Mrd. CHF-2017,2021,722.2690247740269,ZERO-Basis,KKW50
Bruttoinlandsprodukt,Mrd. CHF-2017,2022,731.783405703827,ZERO-Basis,KKW50
Bruttoinlandsprodukt,Mrd. CHF-2017,2023,741.12772598954,ZERO-Basis,KKW50
Bruttoinlandsprodukt,Mrd. CHF-2017,2024,750.571341493184,ZERO-Basis,KKW50
Bruttoinlandsprodukt,Mrd. CHF-2017,2025,759.8876463823507,ZERO-Basis,KKW50
Bruttoinlandsprodukt,Mrd. CHF-2017,2026,769.0061563169646,ZERO-Basis,KKW50
Bruttoinlandsprodukt,Mrd. CHF-2017,2027,777.9560138904,ZERO-Basis,KKW50
Bruttoinlandsprodukt,Mrd. CHF-2017,2028,786.8078698725845,ZERO-Basis,KKW50
Bruttoinlandsprodukt,Mrd. CHF-2017,2029,795.7140225908452,ZERO-Basis,KKW50
Bruttoinlandsprodukt,Mrd. CHF-2017,2030,804.8109377947108,ZERO-Basis,KKW50
Bruttoinlandsprodukt,Mrd. CHF-2017,2031,814.1145000475426,ZERO-Basis,KKW50
Bruttoinlandsprodukt,Mrd. CHF-2017,2032,823.5445525218483,ZERO-Basis,KKW50
Bruttoinlandsprodukt,Mrd. CHF-2017,2033,833.0027470944437,ZERO-Basis,KKW50
Bruttoinlandsprodukt,Mrd. CHF-2017,2034,842.2592483849061,ZERO-Basis,KKW50
Bruttoinlandsprodukt,Mrd. CHF-2017,2035,851.3593890554906,ZERO-Basis,KKW50
Bruttoinlandsprodukt,Mrd. CHF-2017,2036,860.28626292861,ZERO-Basis,KKW50
Bruttoinlandsprodukt,Mrd. CHF-2017,2037,868.842871789673,ZERO-Basis,KKW50
Bruttoinlandsprodukt,Mrd. CHF-2017,2038,877.1845113053733,ZERO-Basis,KKW50
Bruttoinlandsprodukt,Mrd. CHF-2017,2039,885.3615104904948,ZERO-Basis,KKW50
Bruttoinlandsprodukt,Mrd. CHF-2017,2040,893.4102156986552,ZERO-Basis,KKW50
Bruttoinlandsprodukt,Mrd. CHF-2017,2041,901.4037343361174,ZERO-Basis,KKW50
Bruttoinlandsprodukt,Mrd. CHF-2017,2042,909.3168348191728,ZERO-Basis,KKW50
Bruttoinlandsprodukt,Mrd. CHF-2017,2043,917.1005092060726,ZERO-Basis,KKW50
Bruttoinlandsprodukt,Mrd. CHF-2017,2044,924.7280166735386,ZERO-Basis,KKW50
Bruttoinlandsprodukt,Mrd. CHF-2017,2045,932.2129297338086,ZERO-Basis,KKW50
Bruttoinlandsprodukt,Mrd. CHF-2017,2046,939.5719662773654,ZERO-Basis,KKW50
Bruttoinlandsprodukt,Mrd. CHF-2017,2047,946.8418928682606,ZERO-Basis,KKW50
Bruttoinlandsprodukt,Mrd. CHF-2017,2048,954.0049926679964,ZERO-Basis,KKW50
Bruttoinlandsprodukt,Mrd. CHF-2017,2049,961.0525967413524,ZERO-Basis,KKW50
Bruttoinlandsprodukt,Mrd. CHF-2017,2050,968.0066318626368,ZERO-Basis,KKW50
Bruttoinlandsprodukt,Mrd. CHF-2017,2051,974.8684344885401,ZERO-Basis,KKW50
Bruttoinlandsprodukt,Mrd. CHF-2017,2052,981.6355955150051,ZERO-Basis,KKW50
Bruttoinlandsprodukt,Mrd. CHF-2017,2053,988.3529136376443,ZERO-Basis,KKW50
Bruttoinlandsprodukt,Mrd. CHF-2017,2054,995.0599541558364,ZERO-Basis,KKW50
Bruttoinlandsprodukt,Mrd. CHF-2017,2055,1001.814809126459,ZERO-Basis,KKW50
Bruttoinlandsprodukt,Mrd. CHF-2017,2056,1008.6655636166656,ZERO-Basis,KKW50
Bruttoinlandsprodukt,Mrd. CHF-2017,2057,1015.706825943186,ZERO-Basis,KKW50
Bruttoinlandsprodukt,Mrd. CHF-2017,2058,1022.9571034954263,ZERO-Basis,KKW50
Bruttoinlandsprodukt,Mrd. CHF-2017,2059,1030.411108595888,ZERO-Basis,KKW50
Bruttoinlandsprodukt,Mrd. CHF-2017,2060,1038.0574129066922,ZERO-Basis,KKW50
Bevölkerung,"Tsd., Jahresmittel",2000,7184.2,ZERO-A,KKW50
Bevölkerung,"Tsd., Jahresmittel",2001,7229.85,ZERO-A,KKW50
Bevölkerung,"Tsd., Jahresmittel",2002,7284.799999999999,ZERO-A,KKW50
Bevölkerung,"Tsd., Jahresmittel",2003,7339.0,ZERO-A,KKW50
Bevölkerung,"Tsd., Jahresmittel",2004,7389.6,ZERO-A,KKW50
Bevölkerung,"Tsd., Jahresmittel",2005,7437.1,ZERO-A,KKW50
Bevölkerung,"Tsd., Jahresmittel",2006,7483.9195,ZERO-A,KKW50
Bevölkerung,"Tsd., Jahresmittel",2007,7551.1165,ZERO-A,KKW50
Bevölkerung,"Tsd., Jahresmittel",2008,7647.674999999999,ZERO-A,KKW50
Bevölkerung,"Tsd., Jahresmittel",2009,7743.831,ZERO-A,KKW50
Bevölkerung,"Tsd., Jahresmittel",2010,7827.903,ZERO-A,KKW50
Bevölkerung,"Tsd., Jahresmittel",2011,7912.331,ZERO-A,KKW50
Bevölkerung,"Tsd., Jahresmittel",2012,7996.861000000001,ZERO-A,KKW50
Bevölkerung,"Tsd., Jahresmittel",2013,8089.3455,ZERO-A,KKW50
Bevölkerung,"Tsd., Jahresmittel",2014,8188.648499999999,ZERO-A,KKW50
Bevölkerung,"Tsd., Jahresmittel",2015,8282.396,ZERO-A,KKW50
Bevölkerung,"Tsd., Jahresmittel",2016,8373.338,ZERO-A,KKW50
Bevölkerung,"Tsd., Jahresmittel",2017,8460.339150718035,ZERO-A,KKW50
Bevölkerung,"Tsd., Jahresmittel",2018,8541.929935215085,ZERO-A,KKW50
Bevölkerung,"Tsd., Jahresmittel",2019,8623.518223099936,ZERO-A,KKW50
Bevölkerung,"Tsd., Jahresmittel",2020,8705.0425977126,ZERO-A,KKW50
Bevölkerung,"Tsd., Jahresmittel",2021,8786.389712859424,ZERO-A,KKW50
Bevölkerung,"Tsd., Jahresmittel",2022,8867.448219636517,ZERO-A,KKW50
Bevölkerung,"Tsd., Jahresmittel",2023,8948.140223743398,ZERO-A,KKW50
Bevölkerung,"Tsd., Jahresmittel",2024,9028.341393892755,ZERO-A,KKW50
Bevölkerung,"Tsd., Jahresmittel",2025,9107.877965875832,ZERO-A,KKW50
Bevölkerung,"Tsd., Jahresmittel",2026,9186.610628732145,ZERO-A,KKW50
Bevölkerung,"Tsd., Jahresmittel",2027,9264.440516618777,ZERO-A,KKW50
Bevölkerung,"Tsd., Jahresmittel",2028,9341.253784019642,ZERO-A,KKW50
Bevölkerung,"Tsd., Jahresmittel",2029,9416.969540699622,ZERO-A,KKW50
Bevölkerung,"Tsd., Jahresmittel",2030,9491.544345606528,ZERO-A,KKW50
Bevölkerung,"Tsd., Jahresmittel",2031,9564.446420342843,ZERO-A,KKW50
Bevölkerung,"Tsd., Jahresmittel",2032,9634.621195917436,ZERO-A,KKW50
Bevölkerung,"Tsd., Jahresmittel",2033,9701.038070816245,ZERO-A,KKW50
Bevölkerung,"Tsd., Jahresmittel",2034,9762.15813328233,ZERO-A,KKW50
Bevölkerung,"Tsd., Jahresmittel",2035,9817.37220994013,ZERO-A,KKW50
Bevölkerung,"Tsd., Jahresmittel",2036,9867.166141522775,ZERO-A,KKW50
Bevölkerung,"Tsd., Jahresmittel",2037,9911.075058839575,ZERO-A,KKW50
Bevölkerung,"Tsd., Jahresmittel",2038,9949.534870379757,ZERO-A,KKW50
Bevölkerung,"Tsd., Jahresmittel",2039,9984.023071240277,ZERO-A,KKW50
Bevölkerung,"Tsd., Jahresmittel",2040,10015.56327242104,ZERO-A,KKW50
Bevölkerung,"Tsd., Jahresmittel",2041,10045.131649290266,ZERO-A,KKW50
Bevölkerung,"Tsd., Jahresmittel",2042,10073.286943657171,ZERO-A,KKW50
Bevölkerung,"Tsd., Jahresmittel",2043,10100.185942767595,ZERO-A,KKW50
Bevölkerung,"Tsd., Jahresmittel",2044,10125.870090383974,ZERO-A,KKW50
Bevölkerung,"Tsd., Jahresmittel",2045,10150.365850595575,ZERO-A,KKW50
Bevölkerung,"Tsd., Jahresmittel",2046,10173.75461295995,ZERO-A,KKW50
Bevölkerung,"Tsd., Jahresmittel",2047,10196.108279908316,ZERO-A,KKW50
Bevölkerung,"Tsd., Jahresmittel",2048,10217.45681078701,ZERO-A,KKW50
Bevölkerung,"Tsd., Jahresmittel",2049,10237.750273352136,ZERO-A,KKW50
Bevölkerung,"Tsd., Jahresmittel",2050,10256.972189963202,ZERO-A,KKW50
Bevölkerung,"Tsd., Jahresmittel",2051,10275.15002335436,ZERO-A,KKW50
Bevölkerung,"Tsd., Jahresmittel",2052,10292.297754553896,ZERO-A,KKW50
Bevölkerung,"Tsd., Jahresmittel",2053,10308.446341553026,ZERO-A,KKW50
Bevölkerung,"Tsd., Jahresmittel",2054,10323.551344654687,ZERO-A,KKW50
Bevölkerung,"Tsd., Jahresmittel",2055,10337.601778765213,ZERO-A,KKW50
Bevölkerung,"Tsd., Jahresmittel",2056,10350.667549026066,ZERO-A,KKW50
Bevölkerung,"Tsd., Jahresmittel",2057,10362.73667169871,ZERO-A,KKW50
Bevölkerung,"Tsd., Jahresmittel",2058,10373.879051924603,ZERO-A,KKW50
Bevölkerung,"Tsd., Jahresmittel",2059,10384.14112669057,ZERO-A,KKW50
Bevölkerung,"Tsd., Jahresmittel",2060,10393.590803848314,ZERO-A,KKW50
private Haushalte,"Tsd., Jahresmittel",2000,3143.871,ZERO-A,KKW50
private Haushalte,"Tsd., Jahresmittel",2001,3161.6885931611523,ZERO-A,KKW50
private Haushalte,"Tsd., Jahresmittel",2002,3181.427686544019,ZERO-A,KKW50
private Haushalte,"Tsd., Jahresmittel",2003,3200.8497333714167,ZERO-A,KKW50
private Haushalte,"Tsd., Jahresmittel",2004,3218.6935187284053,ZERO-A,KKW50
private Haushalte,"Tsd., Jahresmittel",2005,3235.178571881999,ZERO-A,KKW50
private Haushalte,"Tsd., Jahresmittel",2006,3251.3745801118334,ZERO-A,KKW50
private Haushalte,"Tsd., Jahresmittel",2007,3276.6078215221146,ZERO-A,KKW50
private Haushalte,"Tsd., Jahresmittel",2008,3314.8688628472887,ZERO-A,KKW50
private Haushalte,"Tsd., Jahresmittel",2009,3359.4054413260747,ZERO-A,KKW50
private Haushalte,"Tsd., Jahresmittel",2010,3398.6171504184226,ZERO-A,KKW50
private Haushalte,"Tsd., Jahresmittel",2011,3438.01592805332,ZERO-A,KKW50
private Haushalte,"Tsd., Jahresmittel",2012,3477.4892770122137,ZERO-A,KKW50
private Haushalte,"Tsd., Jahresmittel",2013,3520.5229223977462,ZERO-A,KKW50
private Haushalte,"Tsd., Jahresmittel",2014,3569.611422512357,ZERO-A,KKW50
private Haushalte,"Tsd., Jahresmittel",2015,3615.8541115612184,ZERO-A,KKW50
private Haushalte,"Tsd., Jahresmittel",2016,3665.141027499255,ZERO-A,KKW50
private Haushalte,"Tsd., Jahresmittel",2017,3709.5654628336943,ZERO-A,KKW50
private Haushalte,"Tsd., Jahresmittel",2018,3746.5285000000003,ZERO-A,KKW50
private Haushalte,"Tsd., Jahresmittel",2019,3787.822,ZERO-A,KKW50
private Haushalte,"Tsd., Jahresmittel",2020,3828.8305,ZERO-A,KKW50
private Haushalte,"Tsd., Jahresmittel",2021,3869.4075000000003,ZERO-A,KKW50
private Haushalte,"Tsd., Jahresmittel",2022,3909.5065,ZERO-A,KKW50
private Haushalte,"Tsd., Jahresmittel",2023,3949.1165,ZERO-A,KKW50
private Haushalte,"Tsd., Jahresmittel",2024,3988.349,ZERO-A,KKW50
private Haushalte,"Tsd., Jahresmittel",2025,4027.174,ZERO-A,KKW50
private Haushalte,"Tsd., Jahresmittel",2026,4065.309,ZERO-A,KKW50
private Haushalte,"Tsd., Jahresmittel",2027,4102.8,ZERO-A,KKW50
private Haushalte,"Tsd., Jahresmittel",2028,4139.823,ZERO-A,KKW50
private Haushalte,"Tsd., Jahresmittel",2029,4176.539,ZERO-A,KKW50
private Haushalte,"Tsd., Jahresmittel",2030,4212.9130000000005,ZERO-A,KKW50
private Haushalte,"Tsd., Jahresmittel",2031,4248.5085,ZERO-A,KKW50
private Haushalte,"Tsd., Jahresmittel",2032,4282.984,ZERO-A,KKW50
private Haushalte,"Tsd., Jahresmittel",2033,4316.039500000001,ZERO-A,KKW50
private Haushalte,"Tsd., Jahresmittel",2034,4347.0740000000005,ZERO-A,KKW50
private Haushalte,"Tsd., Jahresmittel",2035,4375.85,ZERO-A,KKW50
private Haushalte,"Tsd., Jahresmittel",2036,4402.4695,ZERO-A,KKW50
private Haushalte,"Tsd., Jahresmittel",2037,4426.683,ZERO-A,KKW50
private Haushalte,"Tsd., Jahresmittel",2038,4448.6295,ZERO-A,KKW50
private Haushalte,"Tsd., Jahresmittel",2039,4468.914500000001,ZERO-A,KKW50
private Haushalte,"Tsd., Jahresmittel",2040,4487.9490000000005,ZERO-A,KKW50
private Haushalte,"Tsd., Jahresmittel",2041,4506.184499999999,ZERO-A,KKW50
private Haushalte,"Tsd., Jahresmittel",2042,4523.75,ZERO-A,KKW50
private Haushalte,"Tsd., Jahresmittel",2043,4540.559,ZERO-A,KKW50
private Haushalte,"Tsd., Jahresmittel",2044,4556.677,ZERO-A,KKW50
private Haushalte,"Tsd., Jahresmittel",2045,4572.101500000001,ZERO-A,KKW50
private Haushalte,"Tsd., Jahresmittel",2046,4587.258754876099,ZERO-A,KKW50
private Haushalte,"Tsd., Jahresmittel",2047,4602.260767704213,ZERO-A,KKW50
private Haushalte,"Tsd., Jahresmittel",2048,4616.8745193432915,ZERO-A,KKW50
private Haushalte,"Tsd., Jahresmittel",2049,4631.077349089393,ZERO-A,KKW50
private Haushalte,"Tsd., Jahresmittel",2050,4644.862043890997,ZERO-A,KKW50
private Haushalte,"Tsd., Jahresmittel",2051,4658.241842086296,ZERO-A,KKW50
private Haushalte,"Tsd., Jahresmittel",2052,4671.223738472402,ZERO-A,KKW50
private Haushalte,"Tsd., Jahresmittel",2053,4683.822692981065,ZERO-A,KKW50
private Haushalte,"Tsd., Jahresmittel",2054,4696.0188058171625,ZERO-A,KKW50
private Haushalte,"Tsd., Jahresmittel",2055,4707.808985391906,ZERO-A,KKW50
private Haushalte,"Tsd., Jahresmittel",2056,4719.227577661553,ZERO-A,KKW50
private Haushalte,"Tsd., Jahresmittel",2057,4730.269150597589,ZERO-A,KKW50
private Haushalte,"Tsd., Jahresmittel",2058,4740.966812650669,ZERO-A,KKW50
private Haushalte,"Tsd., Jahresmittel",2059,4751.342731829235,ZERO-A,KKW50
private Haushalte,"Tsd., Jahresmittel",2060,4761.429309883201,ZERO-A,KKW50
Erwerbstätige,"Tsd. VZÄ, Jahresmittel",2000,3419.2112910870956,ZERO-A,KKW50
Erwerbstätige,"Tsd. VZÄ, Jahresmittel",2001,3468.0412248670928,ZERO-A,KKW50
Erwerbstätige,"Tsd. VZÄ, Jahresmittel",2002,3473.968658366239,ZERO-A,KKW50
Erwerbstätige,"Tsd. VZÄ, Jahresmittel",2003,3425.5425788505986,ZERO-A,KKW50
Erwerbstätige,"Tsd. VZÄ, Jahresmittel",2004,3422.0160654759643,ZERO-A,KKW50
Erwerbstätige,"Tsd. VZÄ, Jahresmittel",2005,3453.4617144349972,ZERO-A,KKW50
Erwerbstätige,"Tsd. VZÄ, Jahresmittel",2006,3532.794513960192,ZERO-A,KKW50
Erwerbstätige,"Tsd. VZÄ, Jahresmittel",2007,3652.4107023406496,ZERO-A,KKW50
Erwerbstätige,"Tsd. VZÄ, Jahresmittel",2008,3757.929922683177,ZERO-A,KKW50
Erwerbstätige,"Tsd. VZÄ, Jahresmittel",2009,3709.798761337917,ZERO-A,KKW50
Erwerbstätige,"Tsd. VZÄ, Jahresmittel",2010,3759.2341054257363,ZERO-A,KKW50
Erwerbstätige,"Tsd. VZÄ, Jahresmittel",2011,3812.2131095711557,ZERO-A,KKW50
Erwerbstätige,"Tsd. VZÄ, Jahresmittel",2012,3887.1217834517583,ZERO-A,KKW50
Erwerbstätige,"Tsd. VZÄ, Jahresmittel",2013,3943.1343803175996,ZERO-A,KKW50
Erwerbstätige,"Tsd. VZÄ, Jahresmittel",2014,3966.163279376046,ZERO-A,KKW50
Erwerbstätige,"Tsd. VZÄ, Jahresmittel",2015,3988.638742338196,ZERO-A,KKW50
Erwerbstätige,"Tsd. VZÄ, Jahresmittel",2016,3994.57547522703,ZERO-A,KKW50
Erwerbstätige,"Tsd. VZÄ, Jahresmittel",2017,4021.952088219823,ZERO-A,KKW50
Erwerbstätige,"Tsd. VZÄ, Jahresmittel",2018,4066.6254462722786,ZERO-A,KKW50
Erwerbstätige,"Tsd. VZÄ, Jahresmittel",2019,4103.989268028533,ZERO-A,KKW50
Erwerbstätige,"Tsd. VZÄ, Jahresmittel",2020,4136.111233226672,ZERO-A,KKW50
Erwerbstätige,"Tsd. VZÄ, Jahresmittel",2021,4157.330247962083,ZERO-A,KKW50
Erwerbstätige,"Tsd. VZÄ, Jahresmittel",2022,4177.593398734513,ZERO-A,KKW50
Erwerbstätige,"Tsd. VZÄ, Jahresmittel",2023,4197.196740319585,ZERO-A,KKW50
Erwerbstätige,"Tsd. VZÄ, Jahresmittel",2024,4216.576934394327,ZERO-A,KKW50
Erwerbstätige,"Tsd. VZÄ, Jahresmittel",2025,4235.556537852714,ZERO-A,KKW50
Erwerbstätige,"Tsd. VZÄ, Jahresmittel",2026,4250.957796924109,ZERO-A,KKW50
Erwerbstätige,"Tsd. VZÄ, Jahresmittel",2027,4265.949168890988,ZERO-A,KKW50
Erwerbstätige,"Tsd. VZÄ, Jahresmittel",2028,4280.61442867551,ZERO-A,KKW50
Erwerbstätige,"Tsd. VZÄ, Jahresmittel",2029,4295.145453641938,ZERO-A,KKW50
Erwerbstätige,"Tsd. VZÄ, Jahresmittel",2030,4309.834349914325,ZERO-A,KKW50
Erwerbstätige,"Tsd. VZÄ, Jahresmittel",2031,4323.960477385617,ZERO-A,KKW50
Erwerbstätige,"Tsd. VZÄ, Jahresmittel",2032,4338.220484615316,ZERO-A,KKW50
Erwerbstätige,"Tsd. VZÄ, Jahresmittel",2033,4352.474807248608,ZERO-A,KKW50
Erwerbstätige,"Tsd. VZÄ, Jahresmittel",2034,4366.533413496033,ZERO-A,KKW50
Erwerbstätige,"Tsd. VZÄ, Jahresmittel",2035,4380.464311615002,ZERO-A,KKW50
Erwerbstätige,"Tsd. VZÄ, Jahresmittel",2036,4388.079962720263,ZERO-A,KKW50
Erwerbstätige,"Tsd. VZÄ, Jahresmittel",2037,4395.389963535853,ZERO-A,KKW50
Erwerbstätige,"Tsd. VZÄ, Jahresmittel",2038,4402.523974201109,ZERO-A,KKW50
Erwerbstätige,"Tsd. VZÄ, Jahresmittel",2039,4409.480495465234,ZERO-A,KKW50
Erwerbstätige,"Tsd. VZÄ, Jahresmittel",2040,4416.32735124648,ZERO-A,KKW50
Erwerbstätige,"Tsd. VZÄ, Jahresmittel",2041,4418.71024392681,ZERO-A,KKW50
Erwerbstätige,"Tsd. VZÄ, Jahresmittel",2042,4420.970315137723,ZERO-A,KKW50
Erwerbstätige,"Tsd. VZÄ, Jahresmittel",2043,4423.085388571271,ZERO-A,KKW50
Erwerbstätige,"Tsd. VZÄ, Jahresmittel",2044,4425.011851885136,ZERO-A,KKW50
Erwerbstätige,"Tsd. VZÄ, Jahresmittel",2045,4426.725029335047,ZERO-A,KKW50
Erwerbstätige,"Tsd. VZÄ, Jahresmittel",2046,4424.648729760202,ZERO-A,KKW50
Erwerbstätige,"Tsd. VZÄ, Jahresmittel",2047,4422.455188005929,ZERO-A,KKW50
Erwerbstätige,"Tsd. VZÄ, Jahresmittel",2048,4420.190699981143,ZERO-A,KKW50
Erwerbstätige,"Tsd. VZÄ, Jahresmittel",2049,4417.797795493411,ZERO-A,KKW50
Erwerbstätige,"Tsd. VZÄ, Jahresmittel",2050,4415.323845045933,ZERO-A,KKW50
Erwerbstätige,"Tsd. VZÄ, Jahresmittel",2051,4410.138676855593,ZERO-A,KKW50
Erwerbstätige,"Tsd. VZÄ, Jahresmittel",2052,4404.890593104416,ZERO-A,KKW50
Erwerbstätige,"Tsd. VZÄ, Jahresmittel",2053,4399.549365728514,ZERO-A,KKW50
Erwerbstätige,"Tsd. VZÄ, Jahresmittel",2054,4394.217831539033,ZERO-A,KKW50
Erwerbstätige,"Tsd. VZÄ, Jahresmittel",2055,4388.913702320679,ZERO-A,KKW50
Erwerbstätige,"Tsd. VZÄ, Jahresmittel",2056,4384.282681239809,ZERO-A,KKW50
Erwerbstätige,"Tsd. VZÄ, Jahresmittel",2057,4379.831167646308,ZERO-A,KKW50
Erwerbstätige,"Tsd. VZÄ, Jahresmittel",2058,4375.622868304216,ZERO-A,KKW50
Erwerbstätige,"Tsd. VZÄ, Jahresmittel",2059,4371.630564167659,ZERO-A,KKW50
Erwerbstätige,"Tsd. VZÄ, Jahresmittel",2060,4367.851340173385,ZERO-A,KKW50
Bruttoinlandsprodukt,Mrd. CHF-2017,2000,519.5674688992137,ZERO-A,KKW50
Bruttoinlandsprodukt,Mrd. CHF-2017,2001,526.5982196015897,ZERO-A,KKW50
Bruttoinlandsprodukt,Mrd. CHF-2017,2002,524.8528205525498,ZERO-A,KKW50
Bruttoinlandsprodukt,Mrd. CHF-2017,2003,522.9066048026849,ZERO-A,KKW50
Bruttoinlandsprodukt,Mrd. CHF-2017,2004,535.039370218805,ZERO-A,KKW50
Bruttoinlandsprodukt,Mrd. CHF-2017,2005,549.0263229233371,ZERO-A,KKW50
Bruttoinlandsprodukt,Mrd. CHF-2017,2006,568.2503742574748,ZERO-A,KKW50
Bruttoinlandsprodukt,Mrd. CHF-2017,2007,588.7624059358895,ZERO-A,KKW50
Bruttoinlandsprodukt,Mrd. CHF-2017,2008,601.5282919029345,ZERO-A,KKW50
Bruttoinlandsprodukt,Mrd. CHF-2017,2009,586.9243028261341,ZERO-A,KKW50
Bruttoinlandsprodukt,Mrd. CHF-2017,2010,603.0546983107064,ZERO-A,KKW50
Bruttoinlandsprodukt,Mrd. CHF-2017,2011,612.7666564443982,ZERO-A,KKW50
Bruttoinlandsprodukt,Mrd. CHF-2017,2012,617.554205382828,ZERO-A,KKW50
Bruttoinlandsprodukt,Mrd. CHF-2017,2013,627.7116447803555,ZERO-A,KKW50
Bruttoinlandsprodukt,Mrd. CHF-2017,2014,641.848091232501,ZERO-A,KKW50
Bruttoinlandsprodukt,Mrd. CHF-2017,2015,647.9899994612315,ZERO-A,KKW50
Bruttoinlandsprodukt,Mrd. CHF-2017,2016,657.5975468318331,ZERO-A,KKW50
Bruttoinlandsprodukt,Mrd. CHF-2017,2017,669.5415733569392,ZERO-A,KKW50
Bruttoinlandsprodukt,Mrd. CHF-2017,2018,688.958278984291,ZERO-A,KKW50
Bruttoinlandsprodukt,Mrd. CHF-2017,2019,702.7374445639769,ZERO-A,KKW50
Bruttoinlandsprodukt,Mrd. CHF-2017,2020,712.5695287106394,ZERO-A,KKW50
Bruttoinlandsprodukt,Mrd. CHF-2017,2021,722.2690247740269,ZERO-A,KKW50
Bruttoinlandsprodukt,Mrd. CHF-2017,2022,731.783405703827,ZERO-A,KKW50
Bruttoinlandsprodukt,Mrd. CHF-2017,2023,741.12772598954,ZERO-A,KKW50
Bruttoinlandsprodukt,Mrd. CHF-2017,2024,750.571341493184,ZERO-A,KKW50
Bruttoinlandsprodukt,Mrd. CHF-2017,2025,759.8876463823507,ZERO-A,KKW50
Bruttoinlandsprodukt,Mrd. CHF-2017,2026,769.0061563169646,ZERO-A,KKW50
Bruttoinlandsprodukt,Mrd. CHF-2017,2027,777.9560138904,ZERO-A,KKW50
Bruttoinlandsprodukt,Mrd. CHF-2017,2028,786.8078698725845,ZERO-A,KKW50
Bruttoinlandsprodukt,Mrd. CHF-2017,2029,795.7140225908452,ZERO-A,KKW50
Bruttoinlandsprodukt,Mrd. CHF-2017,2030,804.8109377947108,ZERO-A,KKW50
Bruttoinlandsprodukt,Mrd. CHF-2017,2031,814.1145000475426,ZERO-A,KKW50
Bruttoinlandsprodukt,Mrd. CHF-2017,2032,823.5445525218483,ZERO-A,KKW50
Bruttoinlandsprodukt,Mrd. CHF-2017,2033,833.0027470944437,ZERO-A,KKW50
Bruttoinlandsprodukt,Mrd. CHF-2017,2034,842.2592483849061,ZERO-A,KKW50
Bruttoinlandsprodukt,Mrd. CHF-2017,2035,851.3593890554906,ZERO-A,KKW50
Bruttoinlandsprodukt,Mrd. CHF-2017,2036,860.28626292861,ZERO-A,KKW50
Bruttoinlandsprodukt,Mrd. CHF-2017,2037,868.842871789673,ZERO-A,KKW50
Bruttoinlandsprodukt,Mrd. CHF-2017,2038,877.1845113053733,ZERO-A,KKW50
Bruttoinlandsprodukt,Mrd. CHF-2017,2039,885.3615104904948,ZERO-A,KKW50
Bruttoinlandsprodukt,Mrd. CHF-2017,2040,893.4102156986552,ZERO-A,KKW50
Bruttoinlandsprodukt,Mrd. CHF-2017,2041,901.4037343361174,ZERO-A,KKW50
Bruttoinlandsprodukt,Mrd. CHF-2017,2042,909.3168348191728,ZERO-A,KKW50
Bruttoinlandsprodukt,Mrd. CHF-2017,2043,917.1005092060726,ZERO-A,KKW50
Bruttoinlandsprodukt,Mrd. CHF-2017,2044,924.7280166735386,ZERO-A,KKW50
Bruttoinlandsprodukt,Mrd. CHF-2017,2045,932.2129297338086,ZERO-A,KKW50
Bruttoinlandsprodukt,Mrd. CHF-2017,2046,939.5719662773654,ZERO-A,KKW50
Bruttoinlandsprodukt,Mrd. CHF-2017,2047,946.8418928682606,ZERO-A,KKW50
Bruttoinlandsprodukt,Mrd. CHF-2017,2048,954.0049926679964,ZERO-A,KKW50
Bruttoinlandsprodukt,Mrd. CHF-2017,2049,961.0525967413524,ZERO-A,KKW50
Bruttoinlandsprodukt,Mrd. CHF-2017,2050,968.0066318626368,ZERO-A,KKW50
Bruttoinlandsprodukt,Mrd. CHF-2017,2051,974.8684344885401,ZERO-A,KKW50
Bruttoinlandsprodukt,Mrd. CHF-2017,2052,981.6355955150051,ZERO-A,KKW50
Bruttoinlandsprodukt,Mrd. CHF-2017,2053,988.3529136376443,ZERO-A,KKW50
Bruttoinlandsprodukt,Mrd. CHF-2017,2054,995.0599541558364,ZERO-A,KKW50
Bruttoinlandsprodukt,Mrd. CHF-2017,2055,1001.814809126459,ZERO-A,KKW50
Bruttoinlandsprodukt,Mrd. CHF-2017,2056,1008.6655636166656,ZERO-A,KKW50
Bruttoinlandsprodukt,Mrd. CHF-2017,2057,1015.706825943186,ZERO-A,KKW50
Bruttoinlandsprodukt,Mrd. CHF-2017,2058,1022.9571034954263,ZERO-A,KKW50
Bruttoinlandsprodukt,Mrd. CHF-2017,2059,1030.411108595888,ZERO-A,KKW50
Bruttoinlandsprodukt,Mrd. CHF-2017,2060,1038.0574129066922,ZERO-A,KKW50
Bevölkerung,"Tsd., Jahresmittel",2000,7184.2,ZERO-B,KKW50
Bevölkerung,"Tsd., Jahresmittel",2001,7229.85,ZERO-B,KKW50
Bevölkerung,"Tsd., Jahresmittel",2002,7284.799999999999,ZERO-B,KKW50
Bevölkerung,"Tsd., Jahresmittel",2003,7339.0,ZERO-B,KKW50
Bevölkerung,"Tsd., Jahresmittel",2004,7389.6,ZERO-B,KKW50
Bevölkerung,"Tsd., Jahresmittel",2005,7437.1,ZERO-B,KKW50
Bevölkerung,"Tsd., Jahresmittel",2006,7483.9195,ZERO-B,KKW50
Bevölkerung,"Tsd., Jahresmittel",2007,7551.1165,ZERO-B,KKW50
Bevölkerung,"Tsd., Jahresmittel",2008,7647.674999999999,ZERO-B,KKW50
Bevölkerung,"Tsd., Jahresmittel",2009,7743.831,ZERO-B,KKW50
Bevölkerung,"Tsd., Jahresmittel",2010,7827.903,ZERO-B,KKW50
Bevölkerung,"Tsd., Jahresmittel",2011,7912.331,ZERO-B,KKW50
Bevölkerung,"Tsd., Jahresmittel",2012,7996.861000000001,ZERO-B,KKW50
Bevölkerung,"Tsd., Jahresmittel",2013,8089.3455,ZERO-B,KKW50
Bevölkerung,"Tsd., Jahresmittel",2014,8188.648499999999,ZERO-B,KKW50
Bevölkerung,"Tsd., Jahresmittel",2015,8282.396,ZERO-B,KKW50
Bevölkerung,"Tsd., Jahresmittel",2016,8373.338,ZERO-B,KKW50
Bevölkerung,"Tsd., Jahresmittel",2017,8460.339150718035,ZERO-B,KKW50
Bevölkerung,"Tsd., Jahresmittel",2018,8541.929935215085,ZERO-B,KKW50
Bevölkerung,"Tsd., Jahresmittel",2019,8623.518223099936,ZERO-B,KKW50
Bevölkerung,"Tsd., Jahresmittel",2020,8705.0425977126,ZERO-B,KKW50
Bevölkerung,"Tsd., Jahresmittel",2021,8786.389712859424,ZERO-B,KKW50
Bevölkerung,"Tsd., Jahresmittel",2022,8867.448219636517,ZERO-B,KKW50
Bevölkerung,"Tsd., Jahresmittel",2023,8948.140223743398,ZERO-B,KKW50
Bevölkerung,"Tsd., Jahresmittel",2024,9028.341393892755,ZERO-B,KKW50
Bevölkerung,"Tsd., Jahresmittel",2025,9107.877965875832,ZERO-B,KKW50
Bevölkerung,"Tsd., Jahresmittel",2026,9186.610628732145,ZERO-B,KKW50
Bevölkerung,"Tsd., Jahresmittel",2027,9264.440516618777,ZERO-B,KKW50
Bevölkerung,"Tsd., Jahresmittel",2028,9341.253784019642,ZERO-B,KKW50
Bevölkerung,"Tsd., Jahresmittel",2029,9416.969540699622,ZERO-B,KKW50
Bevölkerung,"Tsd., Jahresmittel",2030,9491.544345606528,ZERO-B,KKW50
Bevölkerung,"Tsd., Jahresmittel",2031,9564.446420342843,ZERO-B,KKW50
Bevölkerung,"Tsd., Jahresmittel",2032,9634.621195917436,ZERO-B,KKW50
Bevölkerung,"Tsd., Jahresmittel",2033,9701.038070816245,ZERO-B,KKW50
Bevölkerung,"Tsd., Jahresmittel",2034,9762.15813328233,ZERO-B,KKW50
Bevölkerung,"Tsd., Jahresmittel",2035,9817.37220994013,ZERO-B,KKW50
Bevölkerung,"Tsd., Jahresmittel",2036,9867.166141522775,ZERO-B,KKW50
Bevölkerung,"Tsd., Jahresmittel",2037,9911.075058839575,ZERO-B,KKW50
Bevölkerung,"Tsd., Jahresmittel",2038,9949.534870379757,ZERO-B,KKW50
Bevölkerung,"Tsd., Jahresmittel",2039,9984.023071240277,ZERO-B,KKW50
Bevölkerung,"Tsd., Jahresmittel",2040,10015.56327242104,ZERO-B,KKW50
Bevölkerung,"Tsd., Jahresmittel",2041,10045.131649290266,ZERO-B,KKW50
Bevölkerung,"Tsd., Jahresmittel",2042,10073.286943657171,ZERO-B,KKW50
Bevölkerung,"Tsd., Jahresmittel",2043,10100.185942767595,ZERO-B,KKW50
Bevölkerung,"Tsd., Jahresmittel",2044,10125.870090383974,ZERO-B,KKW50
Bevölkerung,"Tsd., Jahresmittel",2045,10150.365850595575,ZERO-B,KKW50
Bevölkerung,"Tsd., Jahresmittel",2046,10173.75461295995,ZERO-B,KKW50
Bevölkerung,"Tsd., Jahresmittel",2047,10196.108279908316,ZERO-B,KKW50
Bevölkerung,"Tsd., Jahresmittel",2048,10217.45681078701,ZERO-B,KKW50
Bevölkerung,"Tsd., Jahresmittel",2049,10237.750273352136,ZERO-B,KKW50
Bevölkerung,"Tsd., Jahresmittel",2050,10256.972189963202,ZERO-B,KKW50
Bevölkerung,"Tsd., Jahresmittel",2051,10275.15002335436,ZERO-B,KKW50
Bevölkerung,"Tsd., Jahresmittel",2052,10292.297754553896,ZERO-B,KKW50
Bevölkerung,"Tsd., Jahresmittel",2053,10308.446341553026,ZERO-B,KKW50
Bevölkerung,"Tsd., Jahresmittel",2054,10323.551344654687,ZERO-B,KKW50
Bevölkerung,"Tsd., Jahresmittel",2055,10337.601778765213,ZERO-B,KKW50
Bevölkerung,"Tsd., Jahresmittel",2056,10350.667549026066,ZERO-B,KKW50
Bevölkerung,"Tsd., Jahresmittel",2057,10362.73667169871,ZERO-B,KKW50
Bevölkerung,"Tsd., Jahresmittel",2058,10373.879051924603,ZERO-B,KKW50
Bevölkerung,"Tsd., Jahresmittel",2059,10384.14112669057,ZERO-B,KKW50
Bevölkerung,"Tsd., Jahresmittel",2060,10393.590803848314,ZERO-B,KKW50
private Haushalte,"Tsd., Jahresmittel",2000,3143.871,ZERO-B,KKW50
private Haushalte,"Tsd., Jahresmittel",2001,3161.6885931611523,ZERO-B,KKW50
private Haushalte,"Tsd., Jahresmittel",2002,3181.427686544019,ZERO-B,KKW50
private Haushalte,"Tsd., Jahresmittel",2003,3200.8497333714167,ZERO-B,KKW50
private Haushalte,"Tsd., Jahresmittel",2004,3218.6935187284053,ZERO-B,KKW50
private Haushalte,"Tsd., Jahresmittel",2005,3235.178571881999,ZERO-B,KKW50
private Haushalte,"Tsd., Jahresmittel",2006,3251.3745801118334,ZERO-B,KKW50
private Haushalte,"Tsd., Jahresmittel",2007,3276.6078215221146,ZERO-B,KKW50
private Haushalte,"Tsd., Jahresmittel",2008,3314.8688628472887,ZERO-B,KKW50
private Haushalte,"Tsd., Jahresmittel",2009,3359.4054413260747,ZERO-B,KKW50
private Haushalte,"Tsd., Jahresmittel",2010,3398.6171504184226,ZERO-B,KKW50
private Haushalte,"Tsd., Jahresmittel",2011,3438.01592805332,ZERO-B,KKW50
private Haushalte,"Tsd., Jahresmittel",2012,3477.4892770122137,ZERO-B,KKW50
private Haushalte,"Tsd., Jahresmittel",2013,3520.5229223977462,ZERO-B,KKW50
private Haushalte,"Tsd., Jahresmittel",2014,3569.611422512357,ZERO-B,KKW50
private Haushalte,"Tsd., Jahresmittel",2015,3615.8541115612184,ZERO-B,KKW50
private Haushalte,"Tsd., Jahresmittel",2016,3665.141027499255,ZERO-B,KKW50
private Haushalte,"Tsd., Jahresmittel",2017,3709.5654628336943,ZERO-B,KKW50
private Haushalte,"Tsd., Jahresmittel",2018,3746.5285000000003,ZERO-B,KKW50
private Haushalte,"Tsd., Jahresmittel",2019,3787.822,ZERO-B,KKW50
private Haushalte,"Tsd., Jahresmittel",2020,3828.8305,ZERO-B,KKW50
private Haushalte,"Tsd., Jahresmittel",2021,3869.4075000000003,ZERO-B,KKW50
private Haushalte,"Tsd., Jahresmittel",2022,3909.5065,ZERO-B,KKW50
private Haushalte,"Tsd., Jahresmittel",2023,3949.1165,ZERO-B,KKW50
private Haushalte,"Tsd., Jahresmittel",2024,3988.349,ZERO-B,KKW50
private Haushalte,"Tsd., Jahresmittel",2025,4027.174,ZERO-B,KKW50
private Haushalte,"Tsd., Jahresmittel",2026,4065.309,ZERO-B,KKW50
private Haushalte,"Tsd., Jahresmittel",2027,4102.8,ZERO-B,KKW50
private Haushalte,"Tsd., Jahresmittel",2028,4139.823,ZERO-B,KKW50
private Haushalte,"Tsd., Jahresmittel",2029,4176.539,ZERO-B,KKW50
private Haushalte,"Tsd., Jahresmittel",2030,4212.9130000000005,ZERO-B,KKW50
private Haushalte,"Tsd., Jahresmittel",2031,4248.5085,ZERO-B,KKW50
private Haushalte,"Tsd., Jahresmittel",2032,4282.984,ZERO-B,KKW50
private Haushalte,"Tsd., Jahresmittel",2033,4316.039500000001,ZERO-B,KKW50
private Haushalte,"Tsd., Jahresmittel",2034,4347.0740000000005,ZERO-B,KKW50
private Haushalte,"Tsd., Jahresmittel",2035,4375.85,ZERO-B,KKW50
private Haushalte,"Tsd., Jahresmittel",2036,4402.4695,ZERO-B,KKW50
private Haushalte,"Tsd., Jahresmittel",2037,4426.683,ZERO-B,KKW50
private Haushalte,"Tsd., Jahresmittel",2038,4448.6295,ZERO-B,KKW50
private Haushalte,"Tsd., Jahresmittel",2039,4468.914500000001,ZERO-B,KKW50
private Haushalte,"Tsd., Jahresmittel",2040,4487.9490000000005,ZERO-B,KKW50
private Haushalte,"Tsd., Jahresmittel",2041,4506.184499999999,ZERO-B,KKW50
private Haushalte,"Tsd., Jahresmittel",2042,4523.75,ZERO-B,KKW50
private Haushalte,"Tsd., Jahresmittel",2043,4540.559,ZERO-B,KKW50
private Haushalte,"Tsd., Jahresmittel",2044,4556.677,ZERO-B,KKW50
private Haushalte,"Tsd., Jahresmittel",2045,4572.101500000001,ZERO-B,KKW50
private Haushalte,"Tsd., Jahresmittel",2046,4587.258754876099,ZERO-B,KKW50
private Haushalte,"Tsd., Jahresmittel",2047,4602.260767704213,ZERO-B,KKW50
private Haushalte,"Tsd., Jahresmittel",2048,4616.8745193432915,ZERO-B,KKW50
private Haushalte,"Tsd., Jahresmittel",2049,4631.077349089393,ZERO-B,KKW50
private Haushalte,"Tsd., Jahresmittel",2050,4644.862043890997,ZERO-B,KKW50
private Haushalte,"Tsd., Jahresmittel",2051,4658.241842086296,ZERO-B,KKW50
private Haushalte,"Tsd., Jahresmittel",2052,4671.223738472402,ZERO-B,KKW50
private Haushalte,"Tsd., Jahresmittel",2053,4683.822692981065,ZERO-B,KKW50
private Haushalte,"Tsd., Jahresmittel",2054,4696.0188058171625,ZERO-B,KKW50
private Haushalte,"Tsd., Jahresmittel",2055,4707.808985391906,ZERO-B,KKW50
private Haushalte,"Tsd., Jahresmittel",2056,4719.227577661553,ZERO-B,KKW50
private Haushalte,"Tsd., Jahresmittel",2057,4730.269150597589,ZERO-B,KKW50
private Haushalte,"Tsd., Jahresmittel",2058,4740.966812650669,ZERO-B,KKW50
private Haushalte,"Tsd., Jahresmittel",2059,4751.342731829235,ZERO-B,KKW50
private Haushalte,"Tsd., Jahresmittel",2060,4761.429309883201,ZERO-B,KKW50
Erwerbstätige,"Tsd. VZÄ, Jahresmittel",2000,3419.2112910870956,ZERO-B,KKW50
Erwerbstätige,"Tsd. VZÄ, Jahresmittel",2001,3468.0412248670928,ZERO-B,KKW50
Erwerbstätige,"Tsd. VZÄ, Jahresmittel",2002,3473.968658366239,ZERO-B,KKW50
Erwerbstätige,"Tsd. VZÄ, Jahresmittel",2003,3425.5425788505986,ZERO-B,KKW50
Erwerbstätige,"Tsd. VZÄ, Jahresmittel",2004,3422.0160654759643,ZERO-B,KKW50
Erwerbstätige,"Tsd. VZÄ, Jahresmittel",2005,3453.4617144349972,ZERO-B,KKW50
Erwerbstätige,"Tsd. VZÄ, Jahresmittel",2006,3532.794513960192,ZERO-B,KKW50
Erwerbstätige,"Tsd. VZÄ, Jahresmittel",2007,3652.4107023406496,ZERO-B,KKW50
Erwerbstätige,"Tsd. VZÄ, Jahresmittel",2008,3757.929922683177,ZERO-B,KKW50
Erwerbstätige,"Tsd. VZÄ, Jahresmittel",2009,3709.798761337917,ZERO-B,KKW50
Erwerbstätige,"Tsd. VZÄ, Jahresmittel",2010,3759.2341054257363,ZERO-B,KKW50
Erwerbstätige,"Tsd. VZÄ, Jahresmittel",2011,3812.2131095711557,ZERO-B,KKW50
Erwerbstätige,"Tsd. VZÄ, Jahresmittel",2012,3887.1217834517583,ZERO-B,KKW50
Erwerbstätige,"Tsd. VZÄ, Jahresmittel",2013,3943.1343803175996,ZERO-B,KKW50
Erwerbstätige,"Tsd. VZÄ, Jahresmittel",2014,3966.163279376046,ZERO-B,KKW50
Erwerbstätige,"Tsd. VZÄ, Jahresmittel",2015,3988.638742338196,ZERO-B,KKW50
Erwerbstätige,"Tsd. VZÄ, Jahresmittel",2016,3994.57547522703,ZERO-B,KKW50
Erwerbstätige,"Tsd. VZÄ, Jahresmittel",2017,4021.952088219823,ZERO-B,KKW50
Erwerbstätige,"Tsd. VZÄ, Jahresmittel",2018,4066.6254462722786,ZERO-B,KKW50
Erwerbstätige,"Tsd. VZÄ, Jahresmittel",2019,4103.989268028533,ZERO-B,KKW50
Erwerbstätige,"Tsd. VZÄ, Jahresmittel",2020,4136.111233226672,ZERO-B,KKW50
Erwerbstätige,"Tsd. VZÄ, Jahresmittel",2021,4157.330247962083,ZERO-B,KKW50
Erwerbstätige,"Tsd. VZÄ, Jahresmittel",2022,4177.593398734513,ZERO-B,KKW50
Erwerbstätige,"Tsd. VZÄ, Jahresmittel",2023,4197.196740319585,ZERO-B,KKW50
Erwerbstätige,"Tsd. VZÄ, Jahresmittel",2024,4216.576934394327,ZERO-B,KKW50
Erwerbstätige,"Tsd. VZÄ, Jahresmittel",2025,4235.556537852714,ZERO-B,KKW50
Erwerbstätige,"Tsd. VZÄ, Jahresmittel",2026,4250.957796924109,ZERO-B,KKW50
Erwerbstätige,"Tsd. VZÄ, Jahresmittel",2027,4265.949168890988,ZERO-B,KKW50
Erwerbstätige,"Tsd. VZÄ, Jahresmittel",2028,4280.61442867551,ZERO-B,KKW50
Erwerbstätige,"Tsd. VZÄ, Jahresmittel",2029,4295.145453641938,ZERO-B,KKW50
Erwerbstätige,"Tsd. VZÄ, Jahresmittel",2030,4309.834349914325,ZERO-B,KKW50
Erwerbstätige,"Tsd. VZÄ, Jahresmittel",2031,4323.960477385617,ZERO-B,KKW50
Erwerbstätige,"Tsd. VZÄ, Jahresmittel",2032,4338.220484615316,ZERO-B,KKW50
Erwerbstätige,"Tsd. VZÄ, Jahresmittel",2033,4352.474807248608,ZERO-B,KKW50
Erwerbstätige,"Tsd. VZÄ, Jahresmittel",2034,4366.533413496033,ZERO-B,KKW50
Erwerbstätige,"Tsd. VZÄ, Jahresmittel",2035,4380.464311615002,ZERO-B,KKW50
Erwerbstätige,"Tsd. VZÄ, Jahresmittel",2036,4388.079962720263,ZERO-B,KKW50
Erwerbstätige,"Tsd. VZÄ, Jahresmittel",2037,4395.389963535853,ZERO-B,KKW50
Erwerbstätige,"Tsd. VZÄ, Jahresmittel",2038,4402.523974201109,ZERO-B,KKW50
Erwerbstätige,"Tsd. VZÄ, Jahresmittel",2039,4409.480495465234,ZERO-B,KKW50
Erwerbstätige,"Tsd. VZÄ, Jahresmittel",2040,4416.32735124648,ZERO-B,KKW50
Erwerbstätige,"Tsd. VZÄ, Jahresmittel",2041,4418.71024392681,ZERO-B,KKW50
Erwerbstätige,"Tsd. VZÄ, Jahresmittel",2042,4420.970315137723,ZERO-B,KKW50
Erwerbstätige,"Tsd. VZÄ, Jahresmittel",2043,4423.085388571271,ZERO-B,KKW50
Erwerbstätige,"Tsd. VZÄ, Jahresmittel",2044,4425.011851885136,ZERO-B,KKW50
Erwerbstätige,"Tsd. VZÄ, Jahresmittel",2045,4426.725029335047,ZERO-B,KKW50
Erwerbstätige,"Tsd. VZÄ, Jahresmittel",2046,4424.648729760202,ZERO-B,KKW50
Erwerbstätige,"Tsd. VZÄ, Jahresmittel",2047,4422.455188005929,ZERO-B,KKW50
Erwerbstätige,"Tsd. VZÄ, Jahresmittel",2048,4420.190699981143,ZERO-B,KKW50
Erwerbstätige,"Tsd. VZÄ, Jahresmittel",2049,4417.797795493411,ZERO-B,KKW50
Erwerbstätige,"Tsd. VZÄ, Jahresmittel",2050,4415.323845045933,ZERO-B,KKW50
Erwerbstätige,"Tsd. VZÄ, Jahresmittel",2051,4410.138676855593,ZERO-B,KKW50
Erwerbstätige,"Tsd. VZÄ, Jahresmittel",2052,4404.890593104416,ZERO-B,KKW50
Erwerbstätige,"Tsd. VZÄ, Jahresmittel",2053,4399.549365728514,ZERO-B,KKW50
Erwerbstätige,"Tsd. VZÄ, Jahresmittel",2054,4394.217831539033,ZERO-B,KKW50
Erwerbstätige,"Tsd. VZÄ, Jahresmittel",2055,4388.913702320679,ZERO-B,KKW50
Erwerbstätige,"Tsd. VZÄ, Jahresmittel",2056,4384.282681239809,ZERO-B,KKW50
Erwerbstätige,"Tsd. VZÄ, Jahresmittel",2057,4379.831167646308,ZERO-B,KKW50
Erwerbstätige,"Tsd. VZÄ, Jahresmittel",2058,4375.622868304216,ZERO-B,KKW50
Erwerbstätige,"Tsd. VZÄ, Jahresmittel",2059,4371.630564167659,ZERO-B,KKW50
Erwerbstätige,"Tsd. VZÄ, Jahresmittel",2060,4367.851340173385,ZERO-B,KKW50
Bruttoinlandsprodukt,Mrd. CHF-2017,2000,519.5674688992137,ZERO-B,KKW50
Bruttoinlandsprodukt,Mrd. CHF-2017,2001,526.5982196015897,ZERO-B,KKW50
Bruttoinlandsprodukt,Mrd. CHF-2017,2002,524.8528205525498,ZERO-B,KKW50
Bruttoinlandsprodukt,Mrd. CHF-2017,2003,522.9066048026849,ZERO-B,KKW50
Bruttoinlandsprodukt,Mrd. CHF-2017,2004,535.039370218805,ZERO-B,KKW50
Bruttoinlandsprodukt,Mrd. CHF-2017,2005,549.0263229233371,ZERO-B,KKW50
Bruttoinlandsprodukt,Mrd. CHF-2017,2006,568.2503742574748,ZERO-B,KKW50
Bruttoinlandsprodukt,Mrd. CHF-2017,2007,588.7624059358895,ZERO-B,KKW50
Bruttoinlandsprodukt,Mrd. CHF-2017,2008,601.5282919029345,ZERO-B,KKW50
Bruttoinlandsprodukt,Mrd. CHF-2017,2009,586.9243028261341,ZERO-B,KKW50
Bruttoinlandsprodukt,Mrd. CHF-2017,2010,603.0546983107064,ZERO-B,KKW50
Bruttoinlandsprodukt,Mrd. CHF-2017,2011,612.7666564443982,ZERO-B,KKW50
Bruttoinlandsprodukt,Mrd. CHF-2017,2012,617.554205382828,ZERO-B,KKW50
Bruttoinlandsprodukt,Mrd. CHF-2017,2013,627.7116447803555,ZERO-B,KKW50
Bruttoinlandsprodukt,Mrd. CHF-2017,2014,641.848091232501,ZERO-B,KKW50
Bruttoinlandsprodukt,Mrd. CHF-2017,2015,647.9899994612315,ZERO-B,KKW50
Bruttoinlandsprodukt,Mrd. CHF-2017,2016,657.5975468318331,ZERO-B,KKW50
Bruttoinlandsprodukt,Mrd. CHF-2017,2017,669.5415733569392,ZERO-B,KKW50
Bruttoinlandsprodukt,Mrd. CHF-2017,2018,688.958278984291,ZERO-B,KKW50
Bruttoinlandsprodukt,Mrd. CHF-2017,2019,702.7374445639769,ZERO-B,KKW50
Bruttoinlandsprodukt,Mrd. CHF-2017,2020,712.5695287106394,ZERO-B,KKW50
Bruttoinlandsprodukt,Mrd. CHF-2017,2021,722.2690247740269,ZERO-B,KKW50
Bruttoinlandsprodukt,Mrd. CHF-2017,2022,731.783405703827,ZERO-B,KKW50
Bruttoinlandsprodukt,Mrd. CHF-2017,2023,741.12772598954,ZERO-B,KKW50
Bruttoinlandsprodukt,Mrd. CHF-2017,2024,750.571341493184,ZERO-B,KKW50
Bruttoinlandsprodukt,Mrd. CHF-2017,2025,759.8876463823507,ZERO-B,KKW50
Bruttoinlandsprodukt,Mrd. CHF-2017,2026,769.0061563169646,ZERO-B,KKW50
Bruttoinlandsprodukt,Mrd. CHF-2017,2027,777.9560138904,ZERO-B,KKW50
Bruttoinlandsprodukt,Mrd. CHF-2017,2028,786.8078698725845,ZERO-B,KKW50
Bruttoinlandsprodukt,Mrd. CHF-2017,2029,795.7140225908452,ZERO-B,KKW50
Bruttoinlandsprodukt,Mrd. CHF-2017,2030,804.8109377947108,ZERO-B,KKW50
Bruttoinlandsprodukt,Mrd. CHF-2017,2031,814.1145000475426,ZERO-B,KKW50
Bruttoinlandsprodukt,Mrd. CHF-2017,2032,823.5445525218483,ZERO-B,KKW50
Bruttoinlandsprodukt,Mrd. CHF-2017,2033,833.0027470944437,ZERO-B,KKW50
Bruttoinlandsprodukt,Mrd. CHF-2017,2034,842.2592483849061,ZERO-B,KKW50
Bruttoinlandsprodukt,Mrd. CHF-2017,2035,851.3593890554906,ZERO-B,KKW50
Bruttoinlandsprodukt,Mrd. CHF-2017,2036,860.28626292861,ZERO-B,KKW50
Bruttoinlandsprodukt,Mrd. CHF-2017,2037,868.842871789673,ZERO-B,KKW50
Bruttoinlandsprodukt,Mrd. CHF-2017,2038,877.1845113053733,ZERO-B,KKW50
Bruttoinlandsprodukt,Mrd. CHF-2017,2039,885.3615104904948,ZERO-B,KKW50
Bruttoinlandsprodukt,Mrd. CHF-2017,2040,893.4102156986552,ZERO-B,KKW50
Bruttoinlandsprodukt,Mrd. CHF-2017,2041,901.4037343361174,ZERO-B,KKW50
Bruttoinlandsprodukt,Mrd. CHF-2017,2042,909.3168348191728,ZERO-B,KKW50
Bruttoinlandsprodukt,Mrd. CHF-2017,2043,917.1005092060726,ZERO-B,KKW50
Bruttoinlandsprodukt,Mrd. CHF-2017,2044,924.7280166735386,ZERO-B,KKW50
Bruttoinlandsprodukt,Mrd. CHF-2017,2045,932.2129297338086,ZERO-B,KKW50
Bruttoinlandsprodukt,Mrd. CHF-2017,2046,939.5719662773654,ZERO-B,KKW50
Bruttoinlandsprodukt,Mrd. CHF-2017,2047,946.8418928682606,ZERO-B,KKW50
Bruttoinlandsprodukt,Mrd. CHF-2017,2048,954.0049926679964,ZERO-B,KKW50
Bruttoinlandsprodukt,Mrd. CHF-2017,2049,961.0525967413524,ZERO-B,KKW50
Bruttoinlandsprodukt,Mrd. CHF-2017,2050,968.0066318626368,ZERO-B,KKW50
Bruttoinlandsprodukt,Mrd. CHF-2017,2051,974.8684344885401,ZERO-B,KKW50
Bruttoinlandsprodukt,Mrd. CHF-2017,2052,981.6355955150051,ZERO-B,KKW50
Bruttoinlandsprodukt,Mrd. CHF-2017,2053,988.3529136376443,ZERO-B,KKW50
Bruttoinlandsprodukt,Mrd. CHF-2017,2054,995.0599541558364,ZERO-B,KKW50
Bruttoinlandsprodukt,Mrd. CHF-2017,2055,1001.814809126459,ZERO-B,KKW50
Bruttoinlandsprodukt,Mrd. CHF-2017,2056,1008.6655636166656,ZERO-B,KKW50
Bruttoinlandsprodukt,Mrd. CHF-2017,2057,1015.706825943186,ZERO-B,KKW50
Bruttoinlandsprodukt,Mrd. CHF-2017,2058,1022.9571034954263,ZERO-B,KKW50
Bruttoinlandsprodukt,Mrd. CHF-2017,2059,1030.411108595888,ZERO-B,KKW50
Bruttoinlandsprodukt,Mrd. CHF-2017,2060,1038.0574129066922,ZERO-B,KKW50
Bevölkerung,"Tsd., Jahresmittel",2000,7184.2,ZERO-C,KKW50
Bevölkerung,"Tsd., Jahresmittel",2001,7229.85,ZERO-C,KKW50
Bevölkerung,"Tsd., Jahresmittel",2002,7284.799999999999,ZERO-C,KKW50
Bevölkerung,"Tsd., Jahresmittel",2003,7339.0,ZERO-C,KKW50
Bevölkerung,"Tsd., Jahresmittel",2004,7389.6,ZERO-C,KKW50
Bevölkerung,"Tsd., Jahresmittel",2005,7437.1,ZERO-C,KKW50
Bevölkerung,"Tsd., Jahresmittel",2006,7483.9195,ZERO-C,KKW50
Bevölkerung,"Tsd., Jahresmittel",2007,7551.1165,ZERO-C,KKW50
Bevölkerung,"Tsd., Jahresmittel",2008,7647.674999999999,ZERO-C,KKW50
Bevölkerung,"Tsd., Jahresmittel",2009,7743.831,ZERO-C,KKW50
Bevölkerung,"Tsd., Jahresmittel",2010,7827.903,ZERO-C,KKW50
Bevölkerung,"Tsd., Jahresmittel",2011,7912.331,ZERO-C,KKW50
Bevölkerung,"Tsd., Jahresmittel",2012,7996.861000000001,ZERO-C,KKW50
Bevölkerung,"Tsd., Jahresmittel",2013,8089.3455,ZERO-C,KKW50
Bevölkerung,"Tsd., Jahresmittel",2014,8188.648499999999,ZERO-C,KKW50
Bevölkerung,"Tsd., Jahresmittel",2015,8282.396,ZERO-C,KKW50
Bevölkerung,"Tsd., Jahresmittel",2016,8373.338,ZERO-C,KKW50
Bevölkerung,"Tsd., Jahresmittel",2017,8460.339150718035,ZERO-C,KKW50
Bevölkerung,"Tsd., Jahresmittel",2018,8541.929935215085,ZERO-C,KKW50
Bevölkerung,"Tsd., Jahresmittel",2019,8623.518223099936,ZERO-C,KKW50
Bevölkerung,"Tsd., Jahresmittel",2020,8705.0425977126,ZERO-C,KKW50
Bevölkerung,"Tsd., Jahresmittel",2021,8786.389712859424,ZERO-C,KKW50
Bevölkerung,"Tsd., Jahresmittel",2022,8867.448219636517,ZERO-C,KKW50
Bevölkerung,"Tsd., Jahresmittel",2023,8948.140223743398,ZERO-C,KKW50
Bevölkerung,"Tsd., Jahresmittel",2024,9028.341393892755,ZERO-C,KKW50
Bevölkerung,"Tsd., Jahresmittel",2025,9107.877965875832,ZERO-C,KKW50
Bevölkerung,"Tsd., Jahresmittel",2026,9186.610628732145,ZERO-C,KKW50
Bevölkerung,"Tsd., Jahresmittel",2027,9264.440516618777,ZERO-C,KKW50
Bevölkerung,"Tsd., Jahresmittel",2028,9341.253784019642,ZERO-C,KKW50
Bevölkerung,"Tsd., Jahresmittel",2029,9416.969540699622,ZERO-C,KKW50
Bevölkerung,"Tsd., Jahresmittel",2030,9491.544345606528,ZERO-C,KKW50
Bevölkerung,"Tsd., Jahresmittel",2031,9564.446420342843,ZERO-C,KKW50
Bevölkerung,"Tsd., Jahresmittel",2032,9634.621195917436,ZERO-C,KKW50
Bevölkerung,"Tsd., Jahresmittel",2033,9701.038070816245,ZERO-C,KKW50
Bevölkerung,"Tsd., Jahresmittel",2034,9762.15813328233,ZERO-C,KKW50
Bevölkerung,"Tsd., Jahresmittel",2035,9817.37220994013,ZERO-C,KKW50
Bevölkerung,"Tsd., Jahresmittel",2036,9867.166141522775,ZERO-C,KKW50
Bevölkerung,"Tsd., Jahresmittel",2037,9911.075058839575,ZERO-C,KKW50
Bevölkerung,"Tsd., Jahresmittel",2038,9949.534870379757,ZERO-C,KKW50
Bevölkerung,"Tsd., Jahresmittel",2039,9984.023071240277,ZERO-C,KKW50
Bevölkerung,"Tsd., Jahresmittel",2040,10015.56327242104,ZERO-C,KKW50
Bevölkerung,"Tsd., Jahresmittel",2041,10045.131649290266,ZERO-C,KKW50
Bevölkerung,"Tsd., Jahresmittel",2042,10073.286943657171,ZERO-C,KKW50
Bevölkerung,"Tsd., Jahresmittel",2043,10100.185942767595,ZERO-C,KKW50
Bevölkerung,"Tsd., Jahresmittel",2044,10125.870090383974,ZERO-C,KKW50
Bevölkerung,"Tsd., Jahresmittel",2045,10150.365850595575,ZERO-C,KKW50
Bevölkerung,"Tsd., Jahresmittel",2046,10173.75461295995,ZERO-C,KKW50
Bevölkerung,"Tsd., Jahresmittel",2047,10196.108279908316,ZERO-C,KKW50
Bevölkerung,"Tsd., Jahresmittel",2048,10217.45681078701,ZERO-C,KKW50
Bevölkerung,"Tsd., Jahresmittel",2049,10237.750273352136,ZERO-C,KKW50
Bevölkerung,"Tsd., Jahresmittel",2050,10256.972189963202,ZERO-C,KKW50
Bevölkerung,"Tsd., Jahresmittel",2051,10275.15002335436,ZERO-C,KKW50
Bevölkerung,"Tsd., Jahresmittel",2052,10292.297754553896,ZERO-C,KKW50
Bevölkerung,"Tsd., Jahresmittel",2053,10308.446341553026,ZERO-C,KKW50
Bevölkerung,"Tsd., Jahresmittel",2054,10323.551344654687,ZERO-C,KKW50
Bevölkerung,"Tsd., Jahresmittel",2055,10337.601778765213,ZERO-C,KKW50
Bevölkerung,"Tsd., Jahresmittel",2056,10350.667549026066,ZERO-C,KKW50
Bevölkerung,"Tsd., Jahresmittel",2057,10362.73667169871,ZERO-C,KKW50
Bevölkerung,"Tsd., Jahresmittel",2058,10373.879051924603,ZERO-C,KKW50
Bevölkerung,"Tsd., Jahresmittel",2059,10384.14112669057,ZERO-C,KKW50
Bevölkerung,"Tsd., Jahresmittel",2060,10393.590803848314,ZERO-C,KKW50
private Haushalte,"Tsd., Jahresmittel",2000,3143.871,ZERO-C,KKW50
private Haushalte,"Tsd., Jahresmittel",2001,3161.6885931611523,ZERO-C,KKW50
private Haushalte,"Tsd., Jahresmittel",2002,3181.427686544019,ZERO-C,KKW50
private Haushalte,"Tsd., Jahresmittel",2003,3200.8497333714167,ZERO-C,KKW50
private Haushalte,"Tsd., Jahresmittel",2004,3218.6935187284053,ZERO-C,KKW50
private Haushalte,"Tsd., Jahresmittel",2005,3235.178571881999,ZERO-C,KKW50
private Haushalte,"Tsd., Jahresmittel",2006,3251.3745801118334,ZERO-C,KKW50
private Haushalte,"Tsd., Jahresmittel",2007,3276.6078215221146,ZERO-C,KKW50
private Haushalte,"Tsd., Jahresmittel",2008,3314.8688628472887,ZERO-C,KKW50
private Haushalte,"Tsd., Jahresmittel",2009,3359.4054413260747,ZERO-C,KKW50
private Haushalte,"Tsd., Jahresmittel",2010,3398.6171504184226,ZERO-C,KKW50
private Haushalte,"Tsd., Jahresmittel",2011,3438.01592805332,ZERO-C,KKW50
private Haushalte,"Tsd., Jahresmittel",2012,3477.4892770122137,ZERO-C,KKW50
private Haushalte,"Tsd., Jahresmittel",2013,3520.5229223977462,ZERO-C,KKW50
private Haushalte,"Tsd., Jahresmittel",2014,3569.611422512357,ZERO-C,KKW50
private Haushalte,"Tsd., Jahresmittel",2015,3615.8541115612184,ZERO-C,KKW50
private Haushalte,"Tsd., Jahresmittel",2016,3665.141027499255,ZERO-C,KKW50
private Haushalte,"Tsd., Jahresmittel",2017,3709.5654628336943,ZERO-C,KKW50
private Haushalte,"Tsd., Jahresmittel",2018,3746.5285000000003,ZERO-C,KKW50
private Haushalte,"Tsd., Jahresmittel",2019,3787.822,ZERO-C,KKW50
private Haushalte,"Tsd., Jahresmittel",2020,3828.8305,ZERO-C,KKW50
private Haushalte,"Tsd., Jahresmittel",2021,3869.4075000000003,ZERO-C,KKW50
private Haushalte,"Tsd., Jahresmittel",2022,3909.5065,ZERO-C,KKW50
private Haushalte,"Tsd., Jahresmittel",2023,3949.1165,ZERO-C,KKW50
private Haushalte,"Tsd., Jahresmittel",2024,3988.349,ZERO-C,KKW50
private Haushalte,"Tsd., Jahresmittel",2025,4027.174,ZERO-C,KKW50
private Haushalte,"Tsd., Jahresmittel",2026,4065.309,ZERO-C,KKW50
private Haushalte,"Tsd., Jahresmittel",2027,4102.8,ZERO-C,KKW50
private Haushalte,"Tsd., Jahresmittel",2028,4139.823,ZERO-C,KKW50
private Haushalte,"Tsd., Jahresmittel",2029,4176.539,ZERO-C,KKW50
private Haushalte,"Tsd., Jahresmittel",2030,4212.9130000000005,ZERO-C,KKW50
private Haushalte,"Tsd., Jahresmittel",2031,4248.5085,ZERO-C,KKW50
private Haushalte,"Tsd., Jahresmittel",2032,4282.984,ZERO-C,KKW50
private Haushalte,"Tsd., Jahresmittel",2033,4316.039500000001,ZERO-C,KKW50
private Haushalte,"Tsd., Jahresmittel",2034,4347.0740000000005,ZERO-C,KKW50
private Haushalte,"Tsd., Jahresmittel",2035,4375.85,ZERO-C,KKW50
private Haushalte,"Tsd., Jahresmittel",2036,4402.4695,ZERO-C,KKW50
private Haushalte,"Tsd., Jahresmittel",2037,4426.683,ZERO-C,KKW50
private Haushalte,"Tsd., Jahresmittel",2038,4448.6295,ZERO-C,KKW50
private Haushalte,"Tsd., Jahresmittel",2039,4468.914500000001,ZERO-C,KKW50
private Haushalte,"Tsd., Jahresmittel",2040,4487.9490000000005,ZERO-C,KKW50
private Haushalte,"Tsd., Jahresmittel",2041,4506.184499999999,ZERO-C,KKW50
private Haushalte,"Tsd., Jahresmittel",2042,4523.75,ZERO-C,KKW50
private Haushalte,"Tsd., Jahresmittel",2043,4540.559,ZERO-C,KKW50
private Haushalte,"Tsd., Jahresmittel",2044,4556.677,ZERO-C,KKW50
private Haushalte,"Tsd., Jahresmittel",2045,4572.101500000001,ZERO-C,KKW50
private Haushalte,"Tsd., Jahresmittel",2046,4587.258754876099,ZERO-C,KKW50
private Haushalte,"Tsd., Jahresmittel",2047,4602.260767704213,ZERO-C,KKW50
private Haushalte,"Tsd., Jahresmittel",2048,4616.8745193432915,ZERO-C,KKW50
private Haushalte,"Tsd., Jahresmittel",2049,4631.077349089393,ZERO-C,KKW50
private Haushalte,"Tsd., Jahresmittel",2050,4644.862043890997,ZERO-C,KKW50
private Haushalte,"Tsd., Jahresmittel",2051,4658.241842086296,ZERO-C,KKW50
private Haushalte,"Tsd., Jahresmittel",2052,4671.223738472402,ZERO-C,KKW50
private Haushalte,"Tsd., Jahresmittel",2053,4683.822692981065,ZERO-C,KKW50
private Haushalte,"Tsd., Jahresmittel",2054,4696.0188058171625,ZERO-C,KKW50
private Haushalte,"Tsd., Jahresmittel",2055,4707.808985391906,ZERO-C,KKW50
private Haushalte,"Tsd., Jahresmittel",2056,4719.227577661553,ZERO-C,KKW50
private Haushalte,"Tsd., Jahresmittel",2057,4730.269150597589,ZERO-C,KKW50
private Haushalte,"Tsd., Jahresmittel",2058,4740.966812650669,ZERO-C,KKW50
private Haushalte,"Tsd., Jahresmittel",2059,4751.342731829235,ZERO-C,KKW50
private Haushalte,"Tsd., Jahresmittel",2060,4761.429309883201,ZERO-C,KKW50
Erwerbstätige,"Tsd. VZÄ, Jahresmittel",2000,3419.2112910870956,ZERO-C,KKW50
Erwerbstätige,"Tsd. VZÄ, Jahresmittel",2001,3468.0412248670928,ZERO-C,KKW50
Erwerbstätige,"Tsd. VZÄ, Jahresmittel",2002,3473.968658366239,ZERO-C,KKW50
Erwerbstätige,"Tsd. VZÄ, Jahresmittel",2003,3425.5425788505986,ZERO-C,KKW50
Erwerbstätige,"Tsd. VZÄ, Jahresmittel",2004,3422.0160654759643,ZERO-C,KKW50
Erwerbstätige,"Tsd. VZÄ, Jahresmittel",2005,3453.4617144349972,ZERO-C,KKW50
Erwerbstätige,"Tsd. VZÄ, Jahresmittel",2006,3532.794513960192,ZERO-C,KKW50
Erwerbstätige,"Tsd. VZÄ, Jahresmittel",2007,3652.4107023406496,ZERO-C,KKW50
Erwerbstätige,"Tsd. VZÄ, Jahresmittel",2008,3757.929922683177,ZERO-C,KKW50
Erwerbstätige,"Tsd. VZÄ, Jahresmittel",2009,3709.798761337917,ZERO-C,KKW50
Erwerbstätige,"Tsd. VZÄ, Jahresmittel",2010,3759.2341054257363,ZERO-C,KKW50
Erwerbstätige,"Tsd. VZÄ, Jahresmittel",2011,3812.2131095711557,ZERO-C,KKW50
Erwerbstätige,"Tsd. VZÄ, Jahresmittel",2012,3887.1217834517583,ZERO-C,KKW50
Erwerbstätige,"Tsd. VZÄ, Jahresmittel",2013,3943.1343803175996,ZERO-C,KKW50
Erwerbstätige,"Tsd. VZÄ, Jahresmittel",2014,3966.163279376046,ZERO-C,KKW50
Erwerbstätige,"Tsd. VZÄ, Jahresmittel",2015,3988.638742338196,ZERO-C,KKW50
Erwerbstätige,"Tsd. VZÄ, Jahresmittel",2016,3994.57547522703,ZERO-C,KKW50
Erwerbstätige,"Tsd. VZÄ, Jahresmittel",2017,4021.952088219823,ZERO-C,KKW50
Erwerbstätige,"Tsd. VZÄ, Jahresmittel",2018,4066.6254462722786,ZERO-C,KKW50
Erwerbstätige,"Tsd. VZÄ, Jahresmittel",2019,4103.989268028533,ZERO-C,KKW50
Erwerbstätige,"Tsd. VZÄ, Jahresmittel",2020,4136.111233226672,ZERO-C,KKW50
Erwerbstätige,"Tsd. VZÄ, Jahresmittel",2021,4157.330247962083,ZERO-C,KKW50
Erwerbstätige,"Tsd. VZÄ, Jahresmittel",2022,4177.593398734513,ZERO-C,KKW50
Erwerbstätige,"Tsd. VZÄ, Jahresmittel",2023,4197.196740319585,ZERO-C,KKW50
Erwerbstätige,"Tsd. VZÄ, Jahresmittel",2024,4216.576934394327,ZERO-C,KKW50
Erwerbstätige,"Tsd. VZÄ, Jahresmittel",2025,4235.556537852714,ZERO-C,KKW50
Erwerbstätige,"Tsd. VZÄ, Jahresmittel",2026,4250.957796924109,ZERO-C,KKW50
Erwerbstätige,"Tsd. VZÄ, Jahresmittel",2027,4265.949168890988,ZERO-C,KKW50
Erwerbstätige,"Tsd. VZÄ, Jahresmittel",2028,4280.61442867551,ZERO-C,KKW50
Erwerbstätige,"Tsd. VZÄ, Jahresmittel",2029,4295.145453641938,ZERO-C,KKW50
Erwerbstätige,"Tsd. VZÄ, Jahresmittel",2030,4309.834349914325,ZERO-C,KKW50
Erwerbstätige,"Tsd. VZÄ, Jahresmittel",2031,4323.960477385617,ZERO-C,KKW50
Erwerbstätige,"Tsd. VZÄ, Jahresmittel",2032,4338.220484615316,ZERO-C,KKW50
Erwerbstätige,"Tsd. VZÄ, Jahresmittel",2033,4352.474807248608,ZERO-C,KKW50
Erwerbstätige,"Tsd. VZÄ, Jahresmittel",2034,4366.533413496033,ZERO-C,KKW50
Erwerbstätige,"Tsd. VZÄ, Jahresmittel",2035,4380.464311615002,ZERO-C,KKW50
Erwerbstätige,"Tsd. VZÄ, Jahresmittel",2036,4388.079962720263,ZERO-C,KKW50
Erwerbstätige,"Tsd. VZÄ, Jahresmittel",2037,4395.389963535853,ZERO-C,KKW50
Erwerbstätige,"Tsd. VZÄ, Jahresmittel",2038,4402.523974201109,ZERO-C,KKW50
Erwerbstätige,"Tsd. VZÄ, Jahresmittel",2039,4409.480495465234,ZERO-C,KKW50
Erwerbstätige,"Tsd. VZÄ, Jahresmittel",2040,4416.32735124648,ZERO-C,KKW50
Erwerbstätige,"Tsd. VZÄ, Jahresmittel",2041,4418.71024392681,ZERO-C,KKW50
Erwerbstätige,"Tsd. VZÄ, Jahresmittel",2042,4420.970315137723,ZERO-C,KKW50
Erwerbstätige,"Tsd. VZÄ, Jahresmittel",2043,4423.085388571271,ZERO-C,KKW50
Erwerbstätige,"Tsd. VZÄ, Jahresmittel",2044,4425.011851885136,ZERO-C,KKW50
Erwerbstätige,"Tsd. VZÄ, Jahresmittel",2045,4426.725029335047,ZERO-C,KKW50
Erwerbstätige,"Tsd. VZÄ, Jahresmittel",2046,4424.648729760202,ZERO-C,KKW50
Erwerbstätige,"Tsd. VZÄ, Jahresmittel",2047,4422.455188005929,ZERO-C,KKW50
Erwerbstätige,"Tsd. VZÄ, Jahresmittel",2048,4420.190699981143,ZERO-C,KKW50
Erwerbstätige,"Tsd. VZÄ, Jahresmittel",2049,4417.797795493411,ZERO-C,KKW50
Erwerbstätige,"Tsd. VZÄ, Jahresmittel",2050,4415.323845045933,ZERO-C,KKW50
Erwerbstätige,"Tsd. VZÄ, Jahresmittel",2051,4410.138676855593,ZERO-C,KKW50
Erwerbstätige,"Tsd. VZÄ, Jahresmittel",2052,4404.890593104416,ZERO-C,KKW50
Erwerbstätige,"Tsd. VZÄ, Jahresmittel",2053,4399.549365728514,ZERO-C,KKW50
Erwerbstätige,"Tsd. VZÄ, Jahresmittel",2054,4394.217831539033,ZERO-C,KKW50
Erwerbstätige,"Tsd. VZÄ, Jahresmittel",2055,4388.913702320679,ZERO-C,KKW50
Erwerbstätige,"Tsd. VZÄ, Jahresmittel",2056,4384.282681239809,ZERO-C,KKW50
Erwerbstätige,"Tsd. VZÄ, Jahresmittel",2057,4379.831167646308,ZERO-C,KKW50
Erwerbstätige,"Tsd. VZÄ, Jahresmittel",2058,4375.622868304216,ZERO-C,KKW50
Erwerbstätige,"Tsd. VZÄ, Jahresmittel",2059,4371.630564167659,ZERO-C,KKW50
Erwerbstätige,"Tsd. VZÄ, Jahresmittel",2060,4367.851340173385,ZERO-C,KKW50
Bruttoinlandsprodukt,Mrd. CHF-2017,2000,519.5674688992137,ZERO-C,KKW50
Bruttoinlandsprodukt,Mrd. CHF-2017,2001,526.5982196015897,ZERO-C,KKW50
Bruttoinlandsprodukt,Mrd. CHF-2017,2002,524.8528205525498,ZERO-C,KKW50
Bruttoinlandsprodukt,Mrd. CHF-2017,2003,522.9066048026849,ZERO-C,KKW50
Bruttoinlandsprodukt,Mrd. CHF-2017,2004,535.039370218805,ZERO-C,KKW50
Bruttoinlandsprodukt,Mrd. CHF-2017,2005,549.0263229233371,ZERO-C,KKW50
Bruttoinlandsprodukt,Mrd. CHF-2017,2006,568.2503742574748,ZERO-C,KKW50
Bruttoinlandsprodukt,Mrd. CHF-2017,2007,588.7624059358895,ZERO-C,KKW50
Bruttoinlandsprodukt,Mrd. CHF-2017,2008,601.5282919029345,ZERO-C,KKW50
Bruttoinlandsprodukt,Mrd. CHF-2017,2009,586.9243028261341,ZERO-C,KKW50
Bruttoinlandsprodukt,Mrd. CHF-2017,2010,603.0546983107064,ZERO-C,KKW50
Bruttoinlandsprodukt,Mrd. CHF-2017,2011,612.7666564443982,ZERO-C,KKW50
Bruttoinlandsprodukt,Mrd. CHF-2017,2012,617.554205382828,ZERO-C,KKW50
Bruttoinlandsprodukt,Mrd. CHF-2017,2013,627.7116447803555,ZERO-C,KKW50
Bruttoinlandsprodukt,Mrd. CHF-2017,2014,641.848091232501,ZERO-C,KKW50
Bruttoinlandsprodukt,Mrd. CHF-2017,2015,647.9899994612315,ZERO-C,KKW50
Bruttoinlandsprodukt,Mrd. CHF-2017,2016,657.5975468318331,ZERO-C,KKW50
Bruttoinlandsprodukt,Mrd. CHF-2017,2017,669.5415733569392,ZERO-C,KKW50
Bruttoinlandsprodukt,Mrd. CHF-2017,2018,688.958278984291,ZERO-C,KKW50
Bruttoinlandsprodukt,Mrd. CHF-2017,2019,702.7374445639769,ZERO-C,KKW50
Bruttoinlandsprodukt,Mrd. CHF-2017,2020,712.5695287106394,ZERO-C,KKW50
Bruttoinlandsprodukt,Mrd. CHF-2017,2021,722.2690247740269,ZERO-C,KKW50
Bruttoinlandsprodukt,Mrd. CHF-2017,2022,731.783405703827,ZERO-C,KKW50
Bruttoinlandsprodukt,Mrd. CHF-2017,2023,741.12772598954,ZERO-C,KKW50
Bruttoinlandsprodukt,Mrd. CHF-2017,2024,750.571341493184,ZERO-C,KKW50
Bruttoinlandsprodukt,Mrd. CHF-2017,2025,759.8876463823507,ZERO-C,KKW50
Bruttoinlandsprodukt,Mrd. CHF-2017,2026,769.0061563169646,ZERO-C,KKW50
Bruttoinlandsprodukt,Mrd. CHF-2017,2027,777.9560138904,ZERO-C,KKW50
Bruttoinlandsprodukt,Mrd. CHF-2017,2028,786.8078698725845,ZERO-C,KKW50
Bruttoinlandsprodukt,Mrd. CHF-2017,2029,795.7140225908452,ZERO-C,KKW50
Bruttoinlandsprodukt,Mrd. CHF-2017,2030,804.8109377947108,ZERO-C,KKW50
Bruttoinlandsprodukt,Mrd. CHF-2017,2031,814.1145000475426,ZERO-C,KKW50
Bruttoinlandsprodukt,Mrd. CHF-2017,2032,823.5445525218483,ZERO-C,KKW50
Bruttoinlandsprodukt,Mrd. CHF-2017,2033,833.0027470944437,ZERO-C,KKW50
Bruttoinlandsprodukt,Mrd. CHF-2017,2034,842.2592483849061,ZERO-C,KKW50
Bruttoinlandsprodukt,Mrd. CHF-2017,2035,851.3593890554906,ZERO-C,KKW50
Bruttoinlandsprodukt,Mrd. CHF-2017,2036,860.28626292861,ZERO-C,KKW50
Bruttoinlandsprodukt,Mrd. CHF-2017,2037,868.842871789673,ZERO-C,KKW50
Bruttoinlandsprodukt,Mrd. CHF-2017,2038,877.1845113053733,ZERO-C,KKW50
Bruttoinlandsprodukt,Mrd. CHF-2017,2039,885.3615104904948,ZERO-C,KKW50
Bruttoinlandsprodukt,Mrd. CHF-2017,2040,893.4102156986552,ZERO-C,KKW50
Bruttoinlandsprodukt,Mrd. CHF-2017,2041,901.4037343361174,ZERO-C,KKW50
Bruttoinlandsprodukt,Mrd. CHF-2017,2042,909.3168348191728,ZERO-C,KKW50
Bruttoinlandsprodukt,Mrd. CHF-2017,2043,917.1005092060726,ZERO-C,KKW50
Bruttoinlandsprodukt,Mrd. CHF-2017,2044,924.7280166735386,ZERO-C,KKW50
Bruttoinlandsprodukt,Mrd. CHF-2017,2045,932.2129297338086,ZERO-C,KKW50
Bruttoinlandsprodukt,Mrd. CHF-2017,2046,939.5719662773654,ZERO-C,KKW50
Bruttoinlandsprodukt,Mrd. CHF-2017,2047,946.8418928682606,ZERO-C,KKW50
Bruttoinlandsprodukt,Mrd. CHF-2017,2048,954.0049926679964,ZERO-C,KKW50
Bruttoinlandsprodukt,Mrd. CHF-2017,2049,961.0525967413524,ZERO-C,KKW50
Bruttoinlandsprodukt,Mrd. CHF-2017,2050,968.0066318626368,ZERO-C,KKW50
Bruttoinlandsprodukt,Mrd. CHF-2017,2051,974.8684344885401,ZERO-C,KKW50
Bruttoinlandsprodukt,Mrd. CHF-2017,2052,981.6355955150051,ZERO-C,KKW50
Bruttoinlandsprodukt,Mrd. CHF-2017,2053,988.3529136376443,ZERO-C,KKW50
Bruttoinlandsprodukt,Mrd. CHF-2017,2054,995.0599541558364,ZERO-C,KKW50
Bruttoinlandsprodukt,Mrd. CHF-2017,2055,1001.814809126459,ZERO-C,KKW50
Bruttoinlandsprodukt,Mrd. CHF-2017,2056,1008.6655636166656,ZERO-C,KKW50
Bruttoinlandsprodukt,Mrd. CHF-2017,2057,1015.706825943186,ZERO-C,KKW50
Bruttoinlandsprodukt,Mrd. CHF-2017,2058,1022.9571034954263,ZERO-C,KKW50
Bruttoinlandsprodukt,Mrd. CHF-2017,2059,1030.411108595888,ZERO-C,KKW50
Bruttoinlandsprodukt,Mrd. CHF-2017,2060,1038.0574129066922,ZERO-C,KKW50
Bevölkerung,"Tsd., Jahresmittel",2000,7184.2,WWB,KKW50
Bevölkerung,"Tsd., Jahresmittel",2001,7229.85,WWB,KKW50
Bevölkerung,"Tsd., Jahresmittel",2002,7284.799999999999,WWB,KKW50
Bevölkerung,"Tsd., Jahresmittel",2003,7339.0,WWB,KKW50
Bevölkerung,"Tsd., Jahresmittel",2004,7389.6,WWB,KKW50
Bevölkerung,"Tsd., Jahresmittel",2005,7437.1,WWB,KKW50
Bevölkerung,"Tsd., Jahresmittel",2006,7483.9195,WWB,KKW50
Bevölkerung,"Tsd., Jahresmittel",2007,7551.1165,WWB,KKW50
Bevölkerung,"Tsd., Jahresmittel",2008,7647.674999999999,WWB,KKW50
Bevölkerung,"Tsd., Jahresmittel",2009,7743.831,WWB,KKW50
Bevölkerung,"Tsd., Jahresmittel",2010,7827.903,WWB,KKW50
Bevölkerung,"Tsd., Jahresmittel",2011,7912.331,WWB,KKW50
Bevölkerung,"Tsd., Jahresmittel",2012,7996.861000000001,WWB,KKW50
Bevölkerung,"Tsd., Jahresmittel",2013,8089.3455,WWB,KKW50
Bevölkerung,"Tsd., Jahresmittel",2014,8188.648499999999,WWB,KKW50
Bevölkerung,"Tsd., Jahresmittel",2015,8282.396,WWB,KKW50
Bevölkerung,"Tsd., Jahresmittel",2016,8373.338,WWB,KKW50
Bevölkerung,"Tsd., Jahresmittel",2017,8460.339150718035,WWB,KKW50
Bevölkerung,"Tsd., Jahresmittel",2018,8541.929935215085,WWB,KKW50
Bevölkerung,"Tsd., Jahresmittel",2019,8623.518223099936,WWB,KKW50
Bevölkerung,"Tsd., Jahresmittel",2020,8705.0425977126,WWB,KKW50
Bevölkerung,"Tsd., Jahresmittel",2021,8786.389712859424,WWB,KKW50
Bevölkerung,"Tsd., Jahresmittel",2022,8867.448219636517,WWB,KKW50
Bevölkerung,"Tsd., Jahresmittel",2023,8948.140223743398,WWB,KKW50
Bevölkerung,"Tsd., Jahresmittel",2024,9028.341393892755,WWB,KKW50
Bevölkerung,"Tsd., Jahresmittel",2025,9107.877965875832,WWB,KKW50
Bevölkerung,"Tsd., Jahresmittel",2026,9186.610628732145,WWB,KKW50
Bevölkerung,"Tsd., Jahresmittel",2027,9264.440516618777,WWB,KKW50
Bevölkerung,"Tsd., Jahresmittel",2028,9341.253784019642,WWB,KKW50
Bevölkerung,"Tsd., Jahresmittel",2029,9416.969540699622,WWB,KKW50
Bevölkerung,"Tsd., Jahresmittel",2030,9491.544345606528,WWB,KKW50
Bevölkerung,"Tsd., Jahresmittel",2031,9564.446420342843,WWB,KKW50
Bevölkerung,"Tsd., Jahresmittel",2032,9634.621195917436,WWB,KKW50
Bevölkerung,"Tsd., Jahresmittel",2033,9701.038070816245,WWB,KKW50
Bevölkerung,"Tsd., Jahresmittel",2034,9762.15813328233,WWB,KKW50
Bevölkerung,"Tsd., Jahresmittel",2035,9817.37220994013,WWB,KKW50
Bevölkerung,"Tsd., Jahresmittel",2036,9867.166141522775,WWB,KKW50
Bevölkerung,"Tsd., Jahresmittel",2037,9911.075058839575,WWB,KKW50
Bevölkerung,"Tsd., Jahresmittel",2038,9949.534870379757,WWB,KKW50
Bevölkerung,"Tsd., Jahresmittel",2039,9984.023071240277,WWB,KKW50
Bevölkerung,"Tsd., Jahresmittel",2040,10015.56327242104,WWB,KKW50
Bevölkerung,"Tsd., Jahresmittel",2041,10045.131649290266,WWB,KKW50
Bevölkerung,"Tsd., Jahresmittel",2042,10073.286943657171,WWB,KKW50
Bevölkerung,"Tsd., Jahresmittel",2043,10100.185942767595,WWB,KKW50
Bevölkerung,"Tsd., Jahresmittel",2044,10125.870090383974,WWB,KKW50
Bevölkerung,"Tsd., Jahresmittel",2045,10150.365850595575,WWB,KKW50
Bevölkerung,"Tsd., Jahresmittel",2046,10173.75461295995,WWB,KKW50
Bevölkerung,"Tsd., Jahresmittel",2047,10196.108279908316,WWB,KKW50
Bevölkerung,"Tsd., Jahresmittel",2048,10217.45681078701,WWB,KKW50
Bevölkerung,"Tsd., Jahresmittel",2049,10237.750273352136,WWB,KKW50
Bevölkerung,"Tsd., Jahresmittel",2050,10256.972189963202,WWB,KKW50
Bevölkerung,"Tsd., Jahresmittel",2051,10275.15002335436,WWB,KKW50
Bevölkerung,"Tsd., Jahresmittel",2052,10292.297754553896,WWB,KKW50
Bevölkerung,"Tsd., Jahresmittel",2053,10308.446341553026,WWB,KKW50
Bevölkerung,"Tsd., Jahresmittel",2054,10323.551344654687,WWB,KKW50
Bevölkerung,"Tsd., Jahresmittel",2055,10337.601778765213,WWB,KKW50
Bevölkerung,"Tsd., Jahresmittel",2056,10350.667549026066,WWB,KKW50
Bevölkerung,"Tsd., Jahresmittel",2057,10362.73667169871,WWB,KKW50
Bevölkerung,"Tsd., Jahresmittel",2058,10373.879051924603,WWB,KKW50
Bevölkerung,"Tsd., Jahresmittel",2059,10384.14112669057,WWB,KKW50
Bevölkerung,"Tsd., Jahresmittel",2060,10393.590803848314,WWB,KKW50
private Haushalte,"Tsd., Jahresmittel",2000,3143.871,WWB,KKW50
private Haushalte,"Tsd., Jahresmittel",2001,3161.6885931611523,WWB,KKW50
private Haushalte,"Tsd., Jahresmittel",2002,3181.427686544019,WWB,KKW50
private Haushalte,"Tsd., Jahresmittel",2003,3200.8497333714167,WWB,KKW50
private Haushalte,"Tsd., Jahresmittel",2004,3218.6935187284053,WWB,KKW50
private Haushalte,"Tsd., Jahresmittel",2005,3235.178571881999,WWB,KKW50
private Haushalte,"Tsd., Jahresmittel",2006,3251.3745801118334,WWB,KKW50
private Haushalte,"Tsd., Jahresmittel",2007,3276.6078215221146,WWB,KKW50
private Haushalte,"Tsd., Jahresmittel",2008,3314.8688628472887,WWB,KKW50
private Haushalte,"Tsd., Jahresmittel",2009,3359.4054413260747,WWB,KKW50
private Haushalte,"Tsd., Jahresmittel",2010,3398.6171504184226,WWB,KKW50
private Haushalte,"Tsd., Jahresmittel",2011,3438.01592805332,WWB,KKW50
private Haushalte,"Tsd., Jahresmittel",2012,3477.4892770122137,WWB,KKW50
private Haushalte,"Tsd., Jahresmittel",2013,3520.5229223977462,WWB,KKW50
private Haushalte,"Tsd., Jahresmittel",2014,3569.611422512357,WWB,KKW50
private Haushalte,"Tsd., Jahresmittel",2015,3615.8541115612184,WWB,KKW50
private Haushalte,"Tsd., Jahresmittel",2016,3665.141027499255,WWB,KKW50
private Haushalte,"Tsd., Jahresmittel",2017,3709.5654628336943,WWB,KKW50
private Haushalte,"Tsd., Jahresmittel",2018,3746.5285000000003,WWB,KKW50
private Haushalte,"Tsd., Jahresmittel",2019,3787.822,WWB,KKW50
private Haushalte,"Tsd., Jahresmittel",2020,3828.8305,WWB,KKW50
private Haushalte,"Tsd., Jahresmittel",2021,3869.4075000000003,WWB,KKW50
private Haushalte,"Tsd., Jahresmittel",2022,3909.5065,WWB,KKW50
private Haushalte,"Tsd., Jahresmittel",2023,3949.1165,WWB,KKW50
private Haushalte,"Tsd., Jahresmittel",2024,3988.349,WWB,KKW50
private Haushalte,"Tsd., Jahresmittel",2025,4027.174,WWB,KKW50
private Haushalte,"Tsd., Jahresmittel",2026,4065.309,WWB,KKW50
private Haushalte,"Tsd., Jahresmittel",2027,4102.8,WWB,KKW50
private Haushalte,"Tsd., Jahresmittel",2028,4139.823,WWB,KKW50
private Haushalte,"Tsd., Jahresmittel",2029,4176.539,WWB,KKW50
private Haushalte,"Tsd., Jahresmittel",2030,4212.9130000000005,WWB,KKW50
private Haushalte,"Tsd., Jahresmittel",2031,4248.5085,WWB,KKW50
private Haushalte,"Tsd., Jahresmittel",2032,4282.984,WWB,KKW50
private Haushalte,"Tsd., Jahresmittel",2033,4316.039500000001,WWB,KKW50
private Haushalte,"Tsd., Jahresmittel",2034,4347.0740000000005,WWB,KKW50
private Haushalte,"Tsd., Jahresmittel",2035,4375.85,WWB,KKW50
private Haushalte,"Tsd., Jahresmittel",2036,4402.4695,WWB,KKW50
private Haushalte,"Tsd., Jahresmittel",2037,4426.683,WWB,KKW50
private Haushalte,"Tsd., Jahresmittel",2038,4448.6295,WWB,KKW50
private Haushalte,"Tsd., Jahresmittel",2039,4468.914500000001,WWB,KKW50
private Haushalte,"Tsd., Jahresmittel",2040,4487.9490000000005,WWB,KKW50
private Haushalte,"Tsd., Jahresmittel",2041,4506.184499999999,WWB,KKW50
private Haushalte,"Tsd., Jahresmittel",2042,4523.75,WWB,KKW50
private Haushalte,"Tsd., Jahresmittel",2043,4540.559,WWB,KKW50
private Haushalte,"Tsd., Jahresmittel",2044,4556.677,WWB,KKW50
private Haushalte,"Tsd., Jahresmittel",2045,4572.101500000001,WWB,KKW50
private Haushalte,"Tsd., Jahresmittel",2046,4587.258754876099,WWB,KKW50
private Haushalte,"Tsd., Jahresmittel",2047,4602.260767704213,WWB,KKW50
private Haushalte,"Tsd., Jahresmittel",2048,4616.8745193432915,WWB,KKW50
private Haushalte,"Tsd., Jahresmittel",2049,4631.077349089393,WWB,KKW50
private Haushalte,"Tsd., Jahresmittel",2050,4644.862043890997,WWB,KKW50
private Haushalte,"Tsd., Jahresmittel",2051,4658.241842086296,WWB,KKW50
private Haushalte,"Tsd., Jahresmittel",2052,4671.223738472402,WWB,KKW50
private Haushalte,"Tsd., Jahresmittel",2053,4683.822692981065,WWB,KKW50
private Haushalte,"Tsd., Jahresmittel",2054,4696.0188058171625,WWB,KKW50
private Haushalte,"Tsd., Jahresmittel",2055,4707.808985391906,WWB,KKW50
private Haushalte,"Tsd., Jahresmittel",2056,4719.227577661553,WWB,KKW50
private Haushalte,"Tsd., Jahresmittel",2057,4730.269150597589,WWB,KKW50
private Haushalte,"Tsd., Jahresmittel",2058,4740.966812650669,WWB,KKW50
private Haushalte,"Tsd., Jahresmittel",2059,4751.342731829235,WWB,KKW50
private Haushalte,"Tsd., Jahresmittel",2060,4761.429309883201,WWB,KKW50
Erwerbstätige,"Tsd. VZÄ, Jahresmittel",2000,3419.2112910870956,WWB,KKW50
Erwerbstätige,"Tsd. VZÄ, Jahresmittel",2001,3468.0412248670928,WWB,KKW50
Erwerbstätige,"Tsd. VZÄ, Jahresmittel",2002,3473.968658366239,WWB,KKW50
Erwerbstätige,"Tsd. VZÄ, Jahresmittel",2003,3425.5425788505986,WWB,KKW50
Erwerbstätige,"Tsd. VZÄ, Jahresmittel",2004,3422.0160654759643,WWB,KKW50
Erwerbstätige,"Tsd. VZÄ, Jahresmittel",2005,3453.4617144349972,WWB,KKW50
Erwerbstätige,"Tsd. VZÄ, Jahresmittel",2006,3532.794513960192,WWB,KKW50
Erwerbstätige,"Tsd. VZÄ, Jahresmittel",2007,3652.4107023406496,WWB,KKW50
Erwerbstätige,"Tsd. VZÄ, Jahresmittel",2008,3757.929922683177,WWB,KKW50
Erwerbstätige,"Tsd. VZÄ, Jahresmittel",2009,3709.798761337917,WWB,KKW50
Erwerbstätige,"Tsd. VZÄ, Jahresmittel",2010,3759.2341054257363,WWB,KKW50
Erwerbstätige,"Tsd. VZÄ, Jahresmittel",2011,3812.2131095711557,WWB,KKW50
Erwerbstätige,"Tsd. VZÄ, Jahresmittel",2012,3887.1217834517583,WWB,KKW50
Erwerbstätige,"Tsd. VZÄ, Jahresmittel",2013,3943.1343803175996,WWB,KKW50
Erwerbstätige,"Tsd. VZÄ, Jahresmittel",2014,3966.163279376046,WWB,KKW50
Erwerbstätige,"Tsd. VZÄ, Jahresmittel",2015,3988.638742338196,WWB,KKW50
Erwerbstätige,"Tsd. VZÄ, Jahresmittel",2016,3994.57547522703,WWB,KKW50
Erwerbstätige,"Tsd. VZÄ, Jahresmittel",2017,4021.952088219823,WWB,KKW50
Erwerbstätige,"Tsd. VZÄ, Jahresmittel",2018,4066.6254462722786,WWB,KKW50
Erwerbstätige,"Tsd. VZÄ, Jahresmittel",2019,4103.989268028533,WWB,KKW50
Erwerbstätige,"Tsd. VZÄ, Jahresmittel",2020,4136.111233226672,WWB,KKW50
Erwerbstätige,"Tsd. VZÄ, Jahresmittel",2021,4157.330247962083,WWB,KKW50
Erwerbstätige,"Tsd. VZÄ, Jahresmittel",2022,4177.593398734513,WWB,KKW50
Erwerbstätige,"Tsd. VZÄ, Jahresmittel",2023,4197.196740319585,WWB,KKW50
Erwerbstätige,"Tsd. VZÄ, Jahresmittel",2024,4216.576934394327,WWB,KKW50
Erwerbstätige,"Tsd. VZÄ, Jahresmittel",2025,4235.556537852714,WWB,KKW50
Erwerbstätige,"Tsd. VZÄ, Jahresmittel",2026,4250.957796924109,WWB,KKW50
Erwerbstätige,"Tsd. VZÄ, Jahresmittel",2027,4265.949168890988,WWB,KKW50
Erwerbstätige,"Tsd. VZÄ, Jahresmittel",2028,4280.61442867551,WWB,KKW50
Erwerbstätige,"Tsd. VZÄ, Jahresmittel",2029,4295.145453641938,WWB,KKW50
Erwerbstätige,"Tsd. VZÄ, Jahresmittel",2030,4309.834349914325,WWB,KKW50
Erwerbstätige,"Tsd. VZÄ, Jahresmittel",2031,4323.960477385617,WWB,KKW50
Erwerbstätige,"Tsd. VZÄ, Jahresmittel",2032,4338.220484615316,WWB,KKW50
Erwerbstätige,"Tsd. VZÄ, Jahresmittel",2033,4352.474807248608,WWB,KKW50
Erwerbstätige,"Tsd. VZÄ, Jahresmittel",2034,4366.533413496033,WWB,KKW50
Erwerbstätige,"Tsd. VZÄ, Jahresmittel",2035,4380.464311615002,WWB,KKW50
Erwerbstätige,"Tsd. VZÄ, Jahresmittel",2036,4388.079962720263,WWB,KKW50
Erwerbstätige,"Tsd. VZÄ, Jahresmittel",2037,4395.389963535853,WWB,KKW50
Erwerbstätige,"Tsd. VZÄ, Jahresmittel",2038,4402.523974201109,WWB,KKW50
Erwerbstätige,"Tsd. VZÄ, Jahresmittel",2039,4409.480495465234,WWB,KKW50
Erwerbstätige,"Tsd. VZÄ, Jahresmittel",2040,4416.32735124648,WWB,KKW50
Erwerbstätige,"Tsd. VZÄ, Jahresmittel",2041,4418.71024392681,WWB,KKW50
Erwerbstätige,"Tsd. VZÄ, Jahresmittel",2042,4420.970315137723,WWB,KKW50
Erwerbstätige,"Tsd. VZÄ, Jahresmittel",2043,4423.085388571271,WWB,KKW50
Erwerbstätige,"Tsd. VZÄ, Jahresmittel",2044,4425.011851885136,WWB,KKW50
Erwerbstätige,"Tsd. VZÄ, Jahresmittel",2045,4426.725029335047,WWB,KKW50
Erwerbstätige,"Tsd. VZÄ, Jahresmittel",2046,4424.648729760202,WWB,KKW50
Erwerbstätige,"Tsd. VZÄ, Jahresmittel",2047,4422.455188005929,WWB,KKW50
Erwerbstätige,"Tsd. VZÄ, Jahresmittel",2048,4420.190699981143,WWB,KKW50
Erwerbstätige,"Tsd. VZÄ, Jahresmittel",2049,4417.797795493411,WWB,KKW50
Erwerbstätige,"Tsd. VZÄ, Jahresmittel",2050,4415.323845045933,WWB,KKW50
Erwerbstätige,"Tsd. VZÄ, Jahresmittel",2051,4410.138676855593,WWB,KKW50
Erwerbstätige,"Tsd. VZÄ, Jahresmittel",2052,4404.890593104416,WWB,KKW50
Erwerbstätige,"Tsd. VZÄ, Jahresmittel",2053,4399.549365728514,WWB,KKW50
Erwerbstätige,"Tsd. VZÄ, Jahresmittel",2054,4394.217831539033,WWB,KKW50
Erwerbstätige,"Tsd. VZÄ, Jahresmittel",2055,4388.913702320679,WWB,KKW50
Erwerbstätige,"Tsd. VZÄ, Jahresmittel",2056,4384.282681239809,WWB,KKW50
Erwerbstätige,"Tsd. VZÄ, Jahresmittel",2057,4379.831167646308,WWB,KKW50
Erwerbstätige,"Tsd. VZÄ, Jahresmittel",2058,4375.622868304216,WWB,KKW50
Erwerbstätige,"Tsd. VZÄ, Jahresmittel",2059,4371.630564167659,WWB,KKW50
Erwerbstätige,"Tsd. VZÄ, Jahresmittel",2060,4367.851340173385,WWB,KKW50
Bruttoinlandsprodukt,Mrd. CHF-2017,2000,519.5674688992137,WWB,KKW50
Bruttoinlandsprodukt,Mrd. CHF-2017,2001,526.5982196015897,WWB,KKW50
Bruttoinlandsprodukt,Mrd. CHF-2017,2002,524.8528205525498,WWB,KKW50
Bruttoinlandsprodukt,Mrd. CHF-2017,2003,522.9066048026849,WWB,KKW50
Bruttoinlandsprodukt,Mrd. CHF-2017,2004,535.039370218805,WWB,KKW50
Bruttoinlandsprodukt,Mrd. CHF-2017,2005,549.0263229233371,WWB,KKW50
Bruttoinlandsprodukt,Mrd. CHF-2017,2006,568.2503742574748,WWB,KKW50
Bruttoinlandsprodukt,Mrd. CHF-2017,2007,588.7624059358895,WWB,KKW50
Bruttoinlandsprodukt,Mrd. CHF-2017,2008,601.5282919029345,WWB,KKW50
Bruttoinlandsprodukt,Mrd. CHF-2017,2009,586.9243028261341,WWB,KKW50
Bruttoinlandsprodukt,Mrd. CHF-2017,2010,603.0546983107064,WWB,KKW50
Bruttoinlandsprodukt,Mrd. CHF-2017,2011,612.7666564443982,WWB,KKW50
Bruttoinlandsprodukt,Mrd. CHF-2017,2012,617.554205382828,WWB,KKW50
Bruttoinlandsprodukt,Mrd. CHF-2017,2013,627.7116447803555,WWB,KKW50
Bruttoinlandsprodukt,Mrd. CHF-2017,2014,641.848091232501,WWB,KKW50
Bruttoinlandsprodukt,Mrd. CHF-2017,2015,647.9899994612315,WWB,KKW50
Bruttoinlandsprodukt,Mrd. CHF-2017,2016,657.5975468318331,WWB,KKW50
Bruttoinlandsprodukt,Mrd. CHF-2017,2017,669.5415733569392,WWB,KKW50
Bruttoinlandsprodukt,Mrd. CHF-2017,2018,688.958278984291,WWB,KKW50
Bruttoinlandsprodukt,Mrd. CHF-2017,2019,702.7374445639769,WWB,KKW50
Bruttoinlandsprodukt,Mrd. CHF-2017,2020,712.5695287106394,WWB,KKW50
Bruttoinlandsprodukt,Mrd. CHF-2017,2021,722.2690247740269,WWB,KKW50
Bruttoinlandsprodukt,Mrd. CHF-2017,2022,731.783405703827,WWB,KKW50
Bruttoinlandsprodukt,Mrd. CHF-2017,2023,741.12772598954,WWB,KKW50
Bruttoinlandsprodukt,Mrd. CHF-2017,2024,750.571341493184,WWB,KKW50
Bruttoinlandsprodukt,Mrd. CHF-2017,2025,759.8876463823507,WWB,KKW50
Bruttoinlandsprodukt,Mrd. CHF-2017,2026,769.0061563169646,WWB,KKW50
Bruttoinlandsprodukt,Mrd. CHF-2017,2027,777.9560138904,WWB,KKW50
Bruttoinlandsprodukt,Mrd. CHF-2017,2028,786.8078698725845,WWB,KKW50
Bruttoinlandsprodukt,Mrd. CHF-2017,2029,795.7140225908452,WWB,KKW50
Bruttoinlandsprodukt,Mrd. CHF-2017,2030,804.8109377947108,WWB,KKW50
Bruttoinlandsprodukt,Mrd. CHF-2017,2031,814.1145000475426,WWB,KKW50
Bruttoinlandsprodukt,Mrd. CHF-2017,2032,823.5445525218483,WWB,KKW50
Bruttoinlandsprodukt,Mrd. CHF-2017,2033,833.0027470944437,WWB,KKW50
Bruttoinlandsprodukt,Mrd. CHF-2017,2034,842.2592483849061,WWB,KKW50
Bruttoinlandsprodukt,Mrd. CHF-2017,2035,851.3593890554906,WWB,KKW50
Bruttoinlandsprodukt,Mrd. CHF-2017,2036,860.28626292861,WWB,KKW50
Bruttoinlandsprodukt,Mrd. CHF-2017,2037,868.842871789673,WWB,KKW50
Bruttoinlandsprodukt,Mrd. CHF-2017,2038,877.1845113053733,WWB,KKW50
Bruttoinlandsprodukt,Mrd. CHF-2017,2039,885.3615104904948,WWB,KKW50
Bruttoinlandsprodukt,Mrd. CHF-2017,2040,893.4102156986552,WWB,KKW50
Bruttoinlandsprodukt,Mrd. CHF-2017,2041,901.4037343361174,WWB,KKW50
Bruttoinlandsprodukt,Mrd. CHF-2017,2042,909.3168348191728,WWB,KKW50
Bruttoinlandsprodukt,Mrd. CHF-2017,2043,917.1005092060726,WWB,KKW50
Bruttoinlandsprodukt,Mrd. CHF-2017,2044,924.7280166735386,WWB,KKW50
Bruttoinlandsprodukt,Mrd. CHF-2017,2045,932.2129297338086,WWB,KKW50
Bruttoinlandsprodukt,Mrd. CHF-2017,2046,939.5719662773654,WWB,KKW50
Bruttoinlandsprodukt,Mrd. CHF-2017,2047,946.8418928682606,WWB,KKW50
Bruttoinlandsprodukt,Mrd. CHF-2017,2048,954.0049926679964,WWB,KKW50
Bruttoinlandsprodukt,Mrd. CHF-2017,2049,961.0525967413524,WWB,KKW50
Bruttoinlandsprodukt,Mrd. CHF-2017,2050,968.0066318626368,WWB,KKW50
Bruttoinlandsprodukt,Mrd. CHF-2017,2051,974.8684344885401,WWB,KKW50
Bruttoinlandsprodukt,Mrd. CHF-2017,2052,981.6355955150051,WWB,KKW50
Bruttoinlandsprodukt,Mrd. CHF-2017,2053,988.3529136376443,WWB,KKW50
Bruttoinlandsprodukt,Mrd. CHF-2017,2054,995.0599541558364,WWB,KKW50
Bruttoinlandsprodukt,Mrd. CHF-2017,2055,1001.814809126459,WWB,KKW50
Bruttoinlandsprodukt,Mrd. CHF-2017,2056,1008.6655636166656,WWB,KKW50
Bruttoinlandsprodukt,Mrd. CHF-2017,2057,1015.706825943186,WWB,KKW50
Bruttoinlandsprodukt,Mrd. CHF-2017,2058,1022.9571034954263,WWB,KKW50
Bruttoinlandsprodukt,Mrd. CHF-2017,2059,1030.411108595888,WWB,KKW50
Bruttoinlandsprodukt,Mrd. CHF-2017,2060,1038.0574129066922,WWB,KKW50
