variable,year,value,scenario,variant
Summe pro Kopf [GJ/Einwohner],2000,26.243701455972822,ZERO-Basis,KKW50
Summe pro Kopf [GJ/Einwohner],2001,26.764040747733358,ZERO-Basis,KKW50
Summe pro Kopf [GJ/Einwohner],2002,26.699428947946398,ZERO-Basis,KKW50
Summe pro Kopf [GJ/Einwohner],2003,27.03910614525139,ZERO-Basis,KKW50
Summe pro Kopf [GJ/Einwohner],2004,27.36548662985817,ZERO-Basis,KKW50
Summe pro Kopf [GJ/Einwohner],2005,27.751408479111497,ZERO-Basis,KKW50
Summe pro Kopf [GJ/Einwohner],2006,27.795595610027604,ZERO-Basis,KKW50
Summe pro Kopf [GJ/Einwohner],2007,27.38138128315197,ZERO-Basis,KKW50
Summe pro Kopf [GJ/Einwohner],2008,27.64500321993284,ZERO-Basis,KKW50
Summe pro Kopf [GJ/Einwohner],2009,26.728372558750305,ZERO-Basis,KKW50
Summe pro Kopf [GJ/Einwohner],2010,27.49523084279404,ZERO-Basis,KKW50
Summe pro Kopf [GJ/Einwohner],2011,26.662180841524464,ZERO-Basis,KKW50
Summe pro Kopf [GJ/Einwohner],2012,26.547916738830388,ZERO-Basis,KKW50
Summe pro Kopf [GJ/Einwohner],2013,26.40015808448285,ZERO-Basis,KKW50
Summe pro Kopf [GJ/Einwohner],2014,25.264242322771587,ZERO-Basis,KKW50
Summe pro Kopf [GJ/Einwohner],2015,25.317553036585075,ZERO-Basis,KKW50
Summe pro Kopf [GJ/Einwohner],2016,25.038998783997496,ZERO-Basis,KKW50
Summe pro Kopf [GJ/Einwohner],2017,24.885527193331416,ZERO-Basis,KKW50
Summe pro Kopf [GJ/Einwohner],2018,24.398255754921767,ZERO-Basis,KKW50
Summe pro Kopf [GJ/Einwohner],2019,23.97956215203136,ZERO-Basis,KKW50
Summe pro Kopf [GJ/Einwohner],2020,24.03253240208573,ZERO-Basis,KKW50
Summe pro Kopf [GJ/Einwohner],2021,23.727590530313808,ZERO-Basis,KKW50
Summe pro Kopf [GJ/Einwohner],2022,23.534165286316533,ZERO-Basis,KKW50
Summe pro Kopf [GJ/Einwohner],2023,23.293217108623992,ZERO-Basis,KKW50
Summe pro Kopf [GJ/Einwohner],2024,23.120048187214525,ZERO-Basis,KKW50
Summe pro Kopf [GJ/Einwohner],2025,22.980687209560855,ZERO-Basis,KKW50
Summe pro Kopf [GJ/Einwohner],2026,22.872081246231737,ZERO-Basis,KKW50
Summe pro Kopf [GJ/Einwohner],2027,22.79300613867488,ZERO-Basis,KKW50
Summe pro Kopf [GJ/Einwohner],2028,22.686894096925887,ZERO-Basis,KKW50
Summe pro Kopf [GJ/Einwohner],2029,22.676465979001602,ZERO-Basis,KKW50
Summe pro Kopf [GJ/Einwohner],2030,22.626351909972307,ZERO-Basis,KKW50
Summe pro Kopf [GJ/Einwohner],2031,22.652356024238927,ZERO-Basis,KKW50
Summe pro Kopf [GJ/Einwohner],2032,22.722008093593317,ZERO-Basis,KKW50
Summe pro Kopf [GJ/Einwohner],2033,22.88696953070767,ZERO-Basis,KKW50
Summe pro Kopf [GJ/Einwohner],2034,23.00333355002286,ZERO-Basis,KKW50
Summe pro Kopf [GJ/Einwohner],2035,23.00196293254419,ZERO-Basis,KKW50
Summe pro Kopf [GJ/Einwohner],2036,23.142957584404535,ZERO-Basis,KKW50
Summe pro Kopf [GJ/Einwohner],2037,23.3012526148559,ZERO-Basis,KKW50
Summe pro Kopf [GJ/Einwohner],2038,23.543283609438664,ZERO-Basis,KKW50
Summe pro Kopf [GJ/Einwohner],2039,23.6309496347759,ZERO-Basis,KKW50
Summe pro Kopf [GJ/Einwohner],2040,23.8891179912478,ZERO-Basis,KKW50
Summe pro Kopf [GJ/Einwohner],2041,23.761244407051677,ZERO-Basis,KKW50
Summe pro Kopf [GJ/Einwohner],2042,24.227283829212315,ZERO-Basis,KKW50
Summe pro Kopf [GJ/Einwohner],2043,24.12019409266154,ZERO-Basis,KKW50
Summe pro Kopf [GJ/Einwohner],2044,24.221210998361297,ZERO-Basis,KKW50
Summe pro Kopf [GJ/Einwohner],2045,24.59664460585997,ZERO-Basis,KKW50
Summe pro Kopf [GJ/Einwohner],2046,24.48831239077392,ZERO-Basis,KKW50
Summe pro Kopf [GJ/Einwohner],2047,24.710585715656133,ZERO-Basis,KKW50
Summe pro Kopf [GJ/Einwohner],2048,24.535008850412954,ZERO-Basis,KKW50
Summe pro Kopf [GJ/Einwohner],2049,24.61039412784662,ZERO-Basis,KKW50
Summe pro Kopf [GJ/Einwohner],2050,24.804501467599486,ZERO-Basis,KKW50
Summe pro Kopf [GJ/Einwohner],2051,24.67639776415526,ZERO-Basis,KKW50
Summe pro Kopf [GJ/Einwohner],2052,24.79717004663158,ZERO-Basis,KKW50
Summe pro Kopf [GJ/Einwohner],2053,24.747900086914935,ZERO-Basis,KKW50
Summe pro Kopf [GJ/Einwohner],2054,24.564238725832613,ZERO-Basis,KKW50
Summe pro Kopf [GJ/Einwohner],2055,24.73954668246023,ZERO-Basis,KKW50
Summe pro Kopf [GJ/Einwohner],2056,24.61997282561223,ZERO-Basis,KKW50
Summe pro Kopf [GJ/Einwohner],2057,24.559761338095456,ZERO-Basis,KKW50
Summe pro Kopf [GJ/Einwohner],2058,24.479878175973358,ZERO-Basis,KKW50
Summe pro Kopf [GJ/Einwohner],2059,24.505141079455253,ZERO-Basis,KKW50
Summe pro Kopf [GJ/Einwohner],2060,24.534032728828823,ZERO-Basis,KKW50
Veränderung (Referenzindex 2000),2000,100.0,ZERO-Basis,KKW50
Veränderung (Referenzindex 2000),2001,101.98272066397902,ZERO-Basis,KKW50
Veränderung (Referenzindex 2000),2002,101.73652140014669,ZERO-Basis,KKW50
Veränderung (Referenzindex 2000),2003,103.03084033558667,ZERO-Basis,KKW50
Veränderung (Referenzindex 2000),2004,104.27449297031247,ZERO-Basis,KKW50
Veränderung (Referenzindex 2000),2005,105.74502428961114,ZERO-Basis,KKW50
Veränderung (Referenzindex 2000),2006,105.91339661693029,ZERO-Basis,KKW50
Veränderung (Referenzindex 2000),2007,104.33505856286223,ZERO-Basis,KKW50
Veränderung (Referenzindex 2000),2008,105.33957363564312,ZERO-Basis,KKW50
Veränderung (Referenzindex 2000),2009,101.84680923760156,ZERO-Basis,KKW50
Veränderung (Referenzindex 2000),2010,104.7688752629686,ZERO-Basis,KKW50
Veränderung (Referenzindex 2000),2011,101.59458979616002,ZERO-Basis,KKW50
Veränderung (Referenzindex 2000),2012,101.15919350541283,ZERO-Basis,KKW50
Veränderung (Referenzindex 2000),2013,100.59616829879164,ZERO-Basis,KKW50
Veränderung (Referenzindex 2000),2014,96.26783159820499,ZERO-Basis,KKW50
Veränderung (Referenzindex 2000),2015,96.4709687734351,ZERO-Basis,KKW50
Veränderung (Referenzindex 2000),2016,95.4095550355335,ZERO-Basis,KKW50
Veränderung (Referenzindex 2000),2017,94.8247610386823,ZERO-Basis,KKW50
Veränderung (Referenzindex 2000),2018,92.9680433831065,ZERO-Basis,KKW50
Veränderung (Referenzindex 2000),2019,91.37263732503646,ZERO-Basis,KKW50
Veränderung (Referenzindex 2000),2020,91.57447718418604,ZERO-Basis,KKW50
Veränderung (Referenzindex 2000),2021,90.4125150566885,ZERO-Basis,KKW50
Veränderung (Referenzindex 2000),2022,89.67548013681727,ZERO-Basis,KKW50
Veränderung (Referenzindex 2000),2023,88.75736201961203,ZERO-Basis,KKW50
Veränderung (Referenzindex 2000),2024,88.09751256316252,ZERO-Basis,KKW50
Veränderung (Referenzindex 2000),2025,87.56648618379502,ZERO-Basis,KKW50
Veränderung (Referenzindex 2000),2026,87.15264988287795,ZERO-Basis,KKW50
Veränderung (Referenzindex 2000),2027,86.85133908001916,ZERO-Basis,KKW50
Veränderung (Referenzindex 2000),2028,86.44700571291767,ZERO-Basis,KKW50
Veränderung (Referenzindex 2000),2029,86.40727001503308,ZERO-Basis,KKW50
Veränderung (Referenzindex 2000),2030,86.21631345689143,ZERO-Basis,KKW50
Veränderung (Referenzindex 2000),2031,86.31540052473603,ZERO-Basis,KKW50
Veränderung (Referenzindex 2000),2032,86.58080542377911,ZERO-Basis,KKW50
Veränderung (Referenzindex 2000),2033,87.20938076933813,ZERO-Basis,KKW50
Veränderung (Referenzindex 2000),2034,87.65277866239221,ZERO-Basis,KKW50
Veränderung (Referenzindex 2000),2035,87.64755600932641,ZERO-Basis,KKW50
Veränderung (Referenzindex 2000),2036,88.18480740313944,ZERO-Basis,KKW50
Veränderung (Referenzindex 2000),2037,88.78798081873757,ZERO-Basis,KKW50
Veränderung (Referenzindex 2000),2038,89.71022494268023,ZERO-Basis,KKW50
Veränderung (Referenzindex 2000),2039,90.04427090599187,ZERO-Basis,KKW50
Veränderung (Referenzindex 2000),2040,91.02800544856396,ZERO-Basis,KKW50
Veränderung (Referenzindex 2000),2041,90.54075107093492,ZERO-Basis,KKW50
Veränderung (Referenzindex 2000),2042,92.31656544278518,ZERO-Basis,KKW50
Veränderung (Referenzindex 2000),2043,91.90850663015756,ZERO-Basis,KKW50
Veränderung (Referenzindex 2000),2044,92.29342529671544,ZERO-Basis,KKW50
Veränderung (Referenzindex 2000),2045,93.72399181999536,ZERO-Basis,KKW50
Veränderung (Referenzindex 2000),2046,93.31119861981438,ZERO-Basis,KKW50
Veränderung (Referenzindex 2000),2047,94.15815736629726,ZERO-Basis,KKW50
Veränderung (Referenzindex 2000),2048,93.48913258891312,ZERO-Basis,KKW50
Veränderung (Referenzindex 2000),2049,93.77638352247574,ZERO-Basis,KKW50
Veränderung (Referenzindex 2000),2050,94.51601752600418,ZERO-Basis,KKW50
Veränderung (Referenzindex 2000),2051,94.02788629322387,ZERO-Basis,KKW50
Veränderung (Referenzindex 2000),2052,94.4880816001966,ZERO-Basis,KKW50
Veränderung (Referenzindex 2000),2053,94.30034146834323,ZERO-Basis,KKW50
Veränderung (Referenzindex 2000),2054,93.6005112199675,ZERO-Basis,KKW50
Veränderung (Referenzindex 2000),2055,94.26851133771657,ZERO-Basis,KKW50
Veränderung (Referenzindex 2000),2056,93.812882557422,ZERO-Basis,KKW50
Veränderung (Referenzindex 2000),2057,93.58345041113049,ZERO-Basis,KKW50
Veränderung (Referenzindex 2000),2058,93.27906056636674,ZERO-Basis,KKW50
Veränderung (Referenzindex 2000),2059,93.37532329639465,ZERO-Basis,KKW50
Veränderung (Referenzindex 2000),2060,93.48541313803547,ZERO-Basis,KKW50
Prozentuale Einsparung seit 2000,2000,0.0,ZERO-Basis,KKW50
Prozentuale Einsparung seit 2000,2001,0.019827206639790207,ZERO-Basis,KKW50
Prozentuale Einsparung seit 2000,2002,0.017365214001466844,ZERO-Basis,KKW50
Prozentuale Einsparung seit 2000,2003,0.03030840335586671,ZERO-Basis,KKW50
Prozentuale Einsparung seit 2000,2004,0.0427449297031246,ZERO-Basis,KKW50
Prozentuale Einsparung seit 2000,2005,0.05745024289611145,ZERO-Basis,KKW50
Prozentuale Einsparung seit 2000,2006,0.05913396616930289,ZERO-Basis,KKW50
Prozentuale Einsparung seit 2000,2007,0.04335058562862226,ZERO-Basis,KKW50
Prozentuale Einsparung seit 2000,2008,0.053395736356431245,ZERO-Basis,KKW50
Prozentuale Einsparung seit 2000,2009,0.018468092376015655,ZERO-Basis,KKW50
Prozentuale Einsparung seit 2000,2010,0.04768875262968608,ZERO-Basis,KKW50
Prozentuale Einsparung seit 2000,2011,0.015945897961600286,ZERO-Basis,KKW50
Prozentuale Einsparung seit 2000,2012,0.011591935054128255,ZERO-Basis,KKW50
Prozentuale Einsparung seit 2000,2013,0.005961682987916328,ZERO-Basis,KKW50
Prozentuale Einsparung seit 2000,2014,-0.03732168401795011,ZERO-Basis,KKW50
Prozentuale Einsparung seit 2000,2015,-0.03529031226564894,ZERO-Basis,KKW50
Prozentuale Einsparung seit 2000,2016,-0.045904449644665,ZERO-Basis,KKW50
Prozentuale Einsparung seit 2000,2017,-0.05175238961317696,ZERO-Basis,KKW50
Prozentuale Einsparung seit 2000,2018,-0.07031956616893498,ZERO-Basis,KKW50
Prozentuale Einsparung seit 2000,2019,-0.08627362674963535,ZERO-Basis,KKW50
Prozentuale Einsparung seit 2000,2020,-0.08425522815813957,ZERO-Basis,KKW50
Prozentuale Einsparung seit 2000,2021,-0.09587484943311497,ZERO-Basis,KKW50
Prozentuale Einsparung seit 2000,2022,-0.10324519863182724,ZERO-Basis,KKW50
Prozentuale Einsparung seit 2000,2023,-0.1124263798038797,ZERO-Basis,KKW50
Prozentuale Einsparung seit 2000,2024,-0.11902487436837472,ZERO-Basis,KKW50
Prozentuale Einsparung seit 2000,2025,-0.12433513816204977,ZERO-Basis,KKW50
Prozentuale Einsparung seit 2000,2026,-0.12847350117122047,ZERO-Basis,KKW50
Prozentuale Einsparung seit 2000,2027,-0.13148660919980848,ZERO-Basis,KKW50
Prozentuale Einsparung seit 2000,2028,-0.1355299428708232,ZERO-Basis,KKW50
Prozentuale Einsparung seit 2000,2029,-0.13592729984966923,ZERO-Basis,KKW50
Prozentuale Einsparung seit 2000,2030,-0.13783686543108575,ZERO-Basis,KKW50
Prozentuale Einsparung seit 2000,2031,-0.1368459947526396,ZERO-Basis,KKW50
Prozentuale Einsparung seit 2000,2032,-0.13419194576220883,ZERO-Basis,KKW50
Prozentuale Einsparung seit 2000,2033,-0.12790619230661882,ZERO-Basis,KKW50
Prozentuale Einsparung seit 2000,2034,-0.12347221337607794,ZERO-Basis,KKW50
Prozentuale Einsparung seit 2000,2035,-0.1235244399067359,ZERO-Basis,KKW50
Prozentuale Einsparung seit 2000,2036,-0.11815192596860558,ZERO-Basis,KKW50
Prozentuale Einsparung seit 2000,2037,-0.11212019181262434,ZERO-Basis,KKW50
Prozentuale Einsparung seit 2000,2038,-0.10289775057319772,ZERO-Basis,KKW50
Prozentuale Einsparung seit 2000,2039,-0.09955729094008137,ZERO-Basis,KKW50
Prozentuale Einsparung seit 2000,2040,-0.08971994551436036,ZERO-Basis,KKW50
Prozentuale Einsparung seit 2000,2041,-0.09459248929065078,ZERO-Basis,KKW50
Prozentuale Einsparung seit 2000,2042,-0.0768343455721483,ZERO-Basis,KKW50
Prozentuale Einsparung seit 2000,2043,-0.0809149336984244,ZERO-Basis,KKW50
Prozentuale Einsparung seit 2000,2044,-0.07706574703284563,ZERO-Basis,KKW50
Prozentuale Einsparung seit 2000,2045,-0.06276008180004633,ZERO-Basis,KKW50
Prozentuale Einsparung seit 2000,2046,-0.06688801380185616,ZERO-Basis,KKW50
Prozentuale Einsparung seit 2000,2047,-0.05841842633702743,ZERO-Basis,KKW50
Prozentuale Einsparung seit 2000,2048,-0.06510867411086885,ZERO-Basis,KKW50
Prozentuale Einsparung seit 2000,2049,-0.06223616477524263,ZERO-Basis,KKW50
Prozentuale Einsparung seit 2000,2050,-0.05483982473995819,ZERO-Basis,KKW50
Prozentuale Einsparung seit 2000,2051,-0.059721137067761276,ZERO-Basis,KKW50
Prozentuale Einsparung seit 2000,2052,-0.05511918399803406,ZERO-Basis,KKW50
Prozentuale Einsparung seit 2000,2053,-0.056996585316567705,ZERO-Basis,KKW50
Prozentuale Einsparung seit 2000,2054,-0.06399488780032503,ZERO-Basis,KKW50
Prozentuale Einsparung seit 2000,2055,-0.05731488662283424,ZERO-Basis,KKW50
Prozentuale Einsparung seit 2000,2056,-0.06187117442578005,ZERO-Basis,KKW50
Prozentuale Einsparung seit 2000,2057,-0.06416549588869513,ZERO-Basis,KKW50
Prozentuale Einsparung seit 2000,2058,-0.06720939433633266,ZERO-Basis,KKW50
Prozentuale Einsparung seit 2000,2059,-0.06624676703605348,ZERO-Basis,KKW50
Prozentuale Einsparung seit 2000,2060,-0.06514586861964533,ZERO-Basis,KKW50
Summe pro Kopf [GJ/Einwohner],2000,26.243701455972815,ZERO-A,KKW50
Summe pro Kopf [GJ/Einwohner],2001,26.764040747733358,ZERO-A,KKW50
Summe pro Kopf [GJ/Einwohner],2002,26.699428947946405,ZERO-A,KKW50
Summe pro Kopf [GJ/Einwohner],2003,27.03910614525139,ZERO-A,KKW50
Summe pro Kopf [GJ/Einwohner],2004,27.36548662985817,ZERO-A,KKW50
Summe pro Kopf [GJ/Einwohner],2005,27.75140847911149,ZERO-A,KKW50
Summe pro Kopf [GJ/Einwohner],2006,27.796115524759447,ZERO-A,KKW50
Summe pro Kopf [GJ/Einwohner],2007,27.382411859226377,ZERO-A,KKW50
Summe pro Kopf [GJ/Einwohner],2008,27.646529566175346,ZERO-A,KKW50
Summe pro Kopf [GJ/Einwohner],2009,26.73038241666173,ZERO-A,KKW50
Summe pro Kopf [GJ/Einwohner],2010,27.497716182737573,ZERO-A,KKW50
Summe pro Kopf [GJ/Einwohner],2011,26.665131425871845,ZERO-A,KKW50
Summe pro Kopf [GJ/Einwohner],2012,26.55132270024451,ZERO-A,KKW50
Summe pro Kopf [GJ/Einwohner],2013,26.40400610902328,ZERO-A,KKW50
Summe pro Kopf [GJ/Einwohner],2014,25.268518852653166,ZERO-A,KKW50
Summe pro Kopf [GJ/Einwohner],2015,25.32225095250216,ZERO-A,KKW50
Summe pro Kopf [GJ/Einwohner],2016,25.044110365543588,ZERO-A,KKW50
Summe pro Kopf [GJ/Einwohner],2017,24.89104612102074,ZERO-A,KKW50
Summe pro Kopf [GJ/Einwohner],2018,24.398255754921767,ZERO-A,KKW50
Summe pro Kopf [GJ/Einwohner],2019,23.97956215203137,ZERO-A,KKW50
Summe pro Kopf [GJ/Einwohner],2020,24.104828640972244,ZERO-A,KKW50
Summe pro Kopf [GJ/Einwohner],2021,23.80298565661757,ZERO-A,KKW50
Summe pro Kopf [GJ/Einwohner],2022,23.61408762212443,ZERO-A,KKW50
Summe pro Kopf [GJ/Einwohner],2023,23.376896706376794,ZERO-A,KKW50
Summe pro Kopf [GJ/Einwohner],2024,23.212905498064675,ZERO-A,KKW50
Summe pro Kopf [GJ/Einwohner],2025,23.084607880635957,ZERO-A,KKW50
Summe pro Kopf [GJ/Einwohner],2026,22.991146254272714,ZERO-A,KKW50
Summe pro Kopf [GJ/Einwohner],2027,22.920153355627853,ZERO-A,KKW50
Summe pro Kopf [GJ/Einwohner],2028,22.829081619637634,ZERO-A,KKW50
Summe pro Kopf [GJ/Einwohner],2029,22.828582072808487,ZERO-A,KKW50
Summe pro Kopf [GJ/Einwohner],2030,22.796683143120887,ZERO-A,KKW50
Summe pro Kopf [GJ/Einwohner],2031,22.845265306195273,ZERO-A,KKW50
Summe pro Kopf [GJ/Einwohner],2032,22.927351273552713,ZERO-A,KKW50
Summe pro Kopf [GJ/Einwohner],2033,23.10254223029525,ZERO-A,KKW50
Summe pro Kopf [GJ/Einwohner],2034,23.24294664848718,ZERO-A,KKW50
Summe pro Kopf [GJ/Einwohner],2035,23.337899567885547,ZERO-A,KKW50
Summe pro Kopf [GJ/Einwohner],2036,23.46778999936265,ZERO-A,KKW50
Summe pro Kopf [GJ/Einwohner],2037,23.647066606495954,ZERO-A,KKW50
Summe pro Kopf [GJ/Einwohner],2038,23.936990035524804,ZERO-A,KKW50
Summe pro Kopf [GJ/Einwohner],2039,24.08086706412441,ZERO-A,KKW50
Summe pro Kopf [GJ/Einwohner],2040,24.40467534400289,ZERO-A,KKW50
Summe pro Kopf [GJ/Einwohner],2041,24.35258539289811,ZERO-A,KKW50
Summe pro Kopf [GJ/Einwohner],2042,24.89439822886573,ZERO-A,KKW50
Summe pro Kopf [GJ/Einwohner],2043,24.87354738444493,ZERO-A,KKW50
Summe pro Kopf [GJ/Einwohner],2044,25.070575121264977,ZERO-A,KKW50
Summe pro Kopf [GJ/Einwohner],2045,25.538332582608657,ZERO-A,KKW50
Summe pro Kopf [GJ/Einwohner],2046,25.50387878414529,ZERO-A,KKW50
Summe pro Kopf [GJ/Einwohner],2047,25.803061420133098,ZERO-A,KKW50
Summe pro Kopf [GJ/Einwohner],2048,25.7134221025219,ZERO-A,KKW50
Summe pro Kopf [GJ/Einwohner],2049,25.881101694033553,ZERO-A,KKW50
Summe pro Kopf [GJ/Einwohner],2050,26.16094870728079,ZERO-A,KKW50
Summe pro Kopf [GJ/Einwohner],2051,26.0862257364327,ZERO-A,KKW50
Summe pro Kopf [GJ/Einwohner],2052,26.251943688652506,ZERO-A,KKW50
Summe pro Kopf [GJ/Einwohner],2053,26.248146396080585,ZERO-A,KKW50
Summe pro Kopf [GJ/Einwohner],2054,26.10342287300047,ZERO-A,KKW50
Summe pro Kopf [GJ/Einwohner],2055,26.311116740677956,ZERO-A,KKW50
Summe pro Kopf [GJ/Einwohner],2056,26.206161905376792,ZERO-A,KKW50
Summe pro Kopf [GJ/Einwohner],2057,26.154103145477052,ZERO-A,KKW50
Summe pro Kopf [GJ/Einwohner],2058,26.079793880310564,ZERO-A,KKW50
Summe pro Kopf [GJ/Einwohner],2059,26.10137363063976,ZERO-A,KKW50
Summe pro Kopf [GJ/Einwohner],2060,26.12230490940929,ZERO-A,KKW50
Veränderung (Referenzindex 2000),2000,100.0,ZERO-A,KKW50
Veränderung (Referenzindex 2000),2001,101.98272066397904,ZERO-A,KKW50
Veränderung (Referenzindex 2000),2002,101.73652140014676,ZERO-A,KKW50
Veränderung (Referenzindex 2000),2003,103.03084033558669,ZERO-A,KKW50
Veränderung (Referenzindex 2000),2004,104.27449297031251,ZERO-A,KKW50
Veränderung (Referenzindex 2000),2005,105.74502428961117,ZERO-A,KKW50
Veränderung (Referenzindex 2000),2006,105.915377719835,ZERO-A,KKW50
Veränderung (Referenzindex 2000),2007,104.33898550920455,ZERO-A,KKW50
Veränderung (Referenzindex 2000),2008,105.34538968352447,ZERO-A,KKW50
Veränderung (Referenzindex 2000),2009,101.85446767676956,ZERO-A,KKW50
Veränderung (Referenzindex 2000),2010,104.77834549698916,ZERO-A,KKW50
Veränderung (Referenzindex 2000),2011,101.60583281518439,ZERO-A,KKW50
Veränderung (Referenzindex 2000),2012,101.17217171056365,ZERO-A,KKW50
Veränderung (Referenzindex 2000),2013,100.61083095812302,ZERO-A,KKW50
Veränderung (Referenzindex 2000),2014,96.28412705061578,ZERO-A,KKW50
Veränderung (Referenzindex 2000),2015,96.48886989125178,ZERO-A,KKW50
Veränderung (Referenzindex 2000),2016,95.42903240062498,ZERO-A,KKW50
Veränderung (Referenzindex 2000),2017,94.84579057103919,ZERO-A,KKW50
Veränderung (Referenzindex 2000),2018,92.96804338310653,ZERO-A,KKW50
Veränderung (Referenzindex 2000),2019,91.37263732503652,ZERO-A,KKW50
Veränderung (Referenzindex 2000),2020,91.84995752756598,ZERO-A,KKW50
Veränderung (Referenzindex 2000),2021,90.69980351876103,ZERO-A,KKW50
Veränderung (Referenzindex 2000),2022,89.98001925048607,ZERO-A,KKW50
Veränderung (Referenzindex 2000),2023,89.07621794735985,ZERO-A,KKW50
Veränderung (Referenzindex 2000),2024,88.45133959859783,ZERO-A,KKW50
Veränderung (Referenzindex 2000),2025,87.96246946858223,ZERO-A,KKW50
Veränderung (Referenzindex 2000),2026,87.60633972628945,ZERO-A,KKW50
Veränderung (Referenzindex 2000),2027,87.33582568022791,ZERO-A,KKW50
Veränderung (Referenzindex 2000),2028,86.98880246727526,ZERO-A,KKW50
Veränderung (Referenzindex 2000),2029,86.98689897500309,ZERO-A,KKW50
Veränderung (Referenzindex 2000),2030,86.86535007786632,ZERO-A,KKW50
Veränderung (Referenzindex 2000),2031,87.05046940318668,ZERO-A,KKW50
Veränderung (Referenzindex 2000),2032,87.36325290095337,ZERO-A,KKW50
Veränderung (Referenzindex 2000),2033,88.03080719788227,ZERO-A,KKW50
Veränderung (Referenzindex 2000),2034,88.56580954283531,ZERO-A,KKW50
Veränderung (Referenzindex 2000),2035,88.92762176493234,ZERO-A,KKW50
Veränderung (Referenzindex 2000),2036,89.4225612142894,ZERO-A,KKW50
Veränderung (Referenzindex 2000),2037,90.10568362914412,ZERO-A,KKW50
Veränderung (Referenzindex 2000),2038,91.21041891016091,ZERO-A,KKW50
Veränderung (Referenzindex 2000),2039,91.75865342212934,ZERO-A,KKW50
Veränderung (Referenzindex 2000),2040,92.9925048299489,ZERO-A,KKW50
Veränderung (Referenzindex 2000),2041,92.79401929545917,ZERO-A,KKW50
Veränderung (Referenzindex 2000),2042,94.85856357049818,ZERO-A,KKW50
Veränderung (Referenzindex 2000),2043,94.77911271843075,ZERO-A,KKW50
Veränderung (Referenzindex 2000),2044,95.52987471422082,ZERO-A,KKW50
Veränderung (Referenzindex 2000),2045,97.31223556803712,ZERO-A,KKW50
Veränderung (Referenzindex 2000),2046,97.1809515015682,ZERO-A,KKW50
Veränderung (Referenzindex 2000),2047,98.32096841758793,ZERO-A,KKW50
Veränderung (Referenzindex 2000),2048,97.97940334620661,ZERO-A,KKW50
Veränderung (Referenzindex 2000),2049,98.61833605085178,ZERO-A,KKW50
Veränderung (Referenzindex 2000),2050,99.68467577322943,ZERO-A,KKW50
Veränderung (Referenzindex 2000),2051,99.39994851791657,ZERO-A,KKW50
Veränderung (Referenzindex 2000),2052,100.03140651745912,ZERO-A,KKW50
Veränderung (Referenzindex 2000),2053,100.01693716915364,ZERO-A,KKW50
Veränderung (Referenzindex 2000),2054,99.4654771423624,ZERO-A,KKW50
Veränderung (Referenzindex 2000),2055,100.25688176958664,ZERO-A,KKW50
Veränderung (Referenzindex 2000),2056,99.8569578660274,ZERO-A,KKW50
Veränderung (Referenzindex 2000),2057,99.65859118369383,ZERO-A,KKW50
Veränderung (Referenzindex 2000),2058,99.37544032827371,ZERO-A,KKW50
Veränderung (Referenzindex 2000),2059,99.45766863118821,ZERO-A,KKW50
Veränderung (Referenzindex 2000),2060,99.53742597336286,ZERO-A,KKW50
Prozentuale Einsparung seit 2000,2000,0.0,ZERO-A,KKW50
Prozentuale Einsparung seit 2000,2001,0.01982720663979043,ZERO-A,KKW50
Prozentuale Einsparung seit 2000,2002,0.01736521400146751,ZERO-A,KKW50
Prozentuale Einsparung seit 2000,2003,0.03030840335586693,ZERO-A,KKW50
Prozentuale Einsparung seit 2000,2004,0.042744929703125045,ZERO-A,KKW50
Prozentuale Einsparung seit 2000,2005,0.05745024289611167,ZERO-A,KKW50
Prozentuale Einsparung seit 2000,2006,0.05915377719835013,ZERO-A,KKW50
Prozentuale Einsparung seit 2000,2007,0.043389855092045515,ZERO-A,KKW50
Prozentuale Einsparung seit 2000,2008,0.05345389683524471,ZERO-A,KKW50
Prozentuale Einsparung seit 2000,2009,0.018544676767695556,ZERO-A,KKW50
Prozentuale Einsparung seit 2000,2010,0.04778345496989167,ZERO-A,KKW50
Prozentuale Einsparung seit 2000,2011,0.016058328151843826,ZERO-A,KKW50
Prozentuale Einsparung seit 2000,2012,0.01172171710563652,ZERO-A,KKW50
Prozentuale Einsparung seit 2000,2013,0.006108309581230209,ZERO-A,KKW50
Prozentuale Einsparung seit 2000,2014,-0.037158729493842246,ZERO-A,KKW50
Prozentuale Einsparung seit 2000,2015,-0.03511130108748217,ZERO-A,KKW50
Prozentuale Einsparung seit 2000,2016,-0.0457096759937502,ZERO-A,KKW50
Prozentuale Einsparung seit 2000,2017,-0.0515420942896081,ZERO-A,KKW50
Prozentuale Einsparung seit 2000,2018,-0.07031956616893464,ZERO-A,KKW50
Prozentuale Einsparung seit 2000,2019,-0.08627362674963479,ZERO-A,KKW50
Prozentuale Einsparung seit 2000,2020,-0.08150042472434027,ZERO-A,KKW50
Prozentuale Einsparung seit 2000,2021,-0.09300196481238976,ZERO-A,KKW50
Prozentuale Einsparung seit 2000,2022,-0.10019980749513935,ZERO-A,KKW50
Prozentuale Einsparung seit 2000,2023,-0.10923782052640152,ZERO-A,KKW50
Prozentuale Einsparung seit 2000,2024,-0.11548660401402178,ZERO-A,KKW50
Prozentuale Einsparung seit 2000,2025,-0.12037530531417773,ZERO-A,KKW50
Prozentuale Einsparung seit 2000,2026,-0.1239366027371055,ZERO-A,KKW50
Prozentuale Einsparung seit 2000,2027,-0.1266417431977208,ZERO-A,KKW50
Prozentuale Einsparung seit 2000,2028,-0.1301119753272474,ZERO-A,KKW50
Prozentuale Einsparung seit 2000,2029,-0.1301310102499691,ZERO-A,KKW50
Prozentuale Einsparung seit 2000,2030,-0.1313464992213368,ZERO-A,KKW50
Prozentuale Einsparung seit 2000,2031,-0.1294953059681332,ZERO-A,KKW50
Prozentuale Einsparung seit 2000,2032,-0.1263674709904663,ZERO-A,KKW50
Prozentuale Einsparung seit 2000,2033,-0.11969192802117734,ZERO-A,KKW50
Prozentuale Einsparung seit 2000,2034,-0.11434190457164695,ZERO-A,KKW50
Prozentuale Einsparung seit 2000,2035,-0.11072378235067659,ZERO-A,KKW50
Prozentuale Einsparung seit 2000,2036,-0.10577438785710591,ZERO-A,KKW50
Prozentuale Einsparung seit 2000,2037,-0.09894316370855871,ZERO-A,KKW50
Prozentuale Einsparung seit 2000,2038,-0.08789581089839082,ZERO-A,KKW50
Prozentuale Einsparung seit 2000,2039,-0.08241346577870656,ZERO-A,KKW50
Prozentuale Einsparung seit 2000,2040,-0.07007495170051103,ZERO-A,KKW50
Prozentuale Einsparung seit 2000,2041,-0.07205980704540838,ZERO-A,KKW50
Prozentuale Einsparung seit 2000,2042,-0.05141436429501822,ZERO-A,KKW50
Prozentuale Einsparung seit 2000,2043,-0.05220887281569242,ZERO-A,KKW50
Prozentuale Einsparung seit 2000,2044,-0.044701252857791696,ZERO-A,KKW50
Prozentuale Einsparung seit 2000,2045,-0.02687764431962869,ZERO-A,KKW50
Prozentuale Einsparung seit 2000,2046,-0.028190484984317976,ZERO-A,KKW50
Prozentuale Einsparung seit 2000,2047,-0.016790315824120605,ZERO-A,KKW50
Prozentuale Einsparung seit 2000,2048,-0.02020596653793394,ZERO-A,KKW50
Prozentuale Einsparung seit 2000,2049,-0.013816639491482152,ZERO-A,KKW50
Prozentuale Einsparung seit 2000,2050,-0.003153242267705747,ZERO-A,KKW50
Prozentuale Einsparung seit 2000,2051,-0.006000514820834302,ZERO-A,KKW50
Prozentuale Einsparung seit 2000,2052,0.00031406517459120487,ZERO-A,KKW50
Prozentuale Einsparung seit 2000,2053,0.00016937169153630194,ZERO-A,KKW50
Prozentuale Einsparung seit 2000,2054,-0.005345228576375982,ZERO-A,KKW50
Prozentuale Einsparung seit 2000,2055,0.0025688176958664766,ZERO-A,KKW50
Prozentuale Einsparung seit 2000,2056,-0.0014304213397260401,ZERO-A,KKW50
Prozentuale Einsparung seit 2000,2057,-0.003414088163061768,ZERO-A,KKW50
Prozentuale Einsparung seit 2000,2058,-0.00624559671726288,ZERO-A,KKW50
Prozentuale Einsparung seit 2000,2059,-0.005423313688117881,ZERO-A,KKW50
Prozentuale Einsparung seit 2000,2060,-0.004625740266371414,ZERO-A,KKW50
Summe pro Kopf [GJ/Einwohner],2000,26.243701455972815,ZERO-B,KKW50
Summe pro Kopf [GJ/Einwohner],2001,26.764040747733358,ZERO-B,KKW50
Summe pro Kopf [GJ/Einwohner],2002,26.699428947946405,ZERO-B,KKW50
Summe pro Kopf [GJ/Einwohner],2003,27.03910614525139,ZERO-B,KKW50
Summe pro Kopf [GJ/Einwohner],2004,27.36548662985817,ZERO-B,KKW50
Summe pro Kopf [GJ/Einwohner],2005,27.75140847911149,ZERO-B,KKW50
Summe pro Kopf [GJ/Einwohner],2006,27.796115524759447,ZERO-B,KKW50
Summe pro Kopf [GJ/Einwohner],2007,27.382411859226377,ZERO-B,KKW50
Summe pro Kopf [GJ/Einwohner],2008,27.646529566175346,ZERO-B,KKW50
Summe pro Kopf [GJ/Einwohner],2009,26.73038241666173,ZERO-B,KKW50
Summe pro Kopf [GJ/Einwohner],2010,27.497716182737573,ZERO-B,KKW50
Summe pro Kopf [GJ/Einwohner],2011,26.665131425871845,ZERO-B,KKW50
Summe pro Kopf [GJ/Einwohner],2012,26.55132270024451,ZERO-B,KKW50
Summe pro Kopf [GJ/Einwohner],2013,26.40400610902328,ZERO-B,KKW50
Summe pro Kopf [GJ/Einwohner],2014,25.268518852653166,ZERO-B,KKW50
Summe pro Kopf [GJ/Einwohner],2015,25.32225095250216,ZERO-B,KKW50
Summe pro Kopf [GJ/Einwohner],2016,25.044110365543588,ZERO-B,KKW50
Summe pro Kopf [GJ/Einwohner],2017,24.89104612102074,ZERO-B,KKW50
Summe pro Kopf [GJ/Einwohner],2018,24.398255754921763,ZERO-B,KKW50
Summe pro Kopf [GJ/Einwohner],2019,23.979562152031367,ZERO-B,KKW50
Summe pro Kopf [GJ/Einwohner],2020,24.09408991072423,ZERO-B,KKW50
Summe pro Kopf [GJ/Einwohner],2021,23.775104299373996,ZERO-B,KKW50
Summe pro Kopf [GJ/Einwohner],2022,23.545316659142465,ZERO-B,KKW50
Summe pro Kopf [GJ/Einwohner],2023,23.25399551530701,ZERO-B,KKW50
Summe pro Kopf [GJ/Einwohner],2024,23.011287987797317,ZERO-B,KKW50
Summe pro Kopf [GJ/Einwohner],2025,22.798075368799267,ZERO-B,KKW50
Summe pro Kopf [GJ/Einwohner],2026,22.63013763118666,ZERO-B,KKW50
Summe pro Kopf [GJ/Einwohner],2027,22.457488894692492,ZERO-B,KKW50
Summe pro Kopf [GJ/Einwohner],2028,22.28681686934018,ZERO-B,KKW50
Summe pro Kopf [GJ/Einwohner],2029,22.149518032973468,ZERO-B,KKW50
Summe pro Kopf [GJ/Einwohner],2030,22.01786955038347,ZERO-B,KKW50
Summe pro Kopf [GJ/Einwohner],2031,21.917226891454202,ZERO-B,KKW50
Summe pro Kopf [GJ/Einwohner],2032,21.84201428207468,ZERO-B,KKW50
Summe pro Kopf [GJ/Einwohner],2033,21.828798115264615,ZERO-B,KKW50
Summe pro Kopf [GJ/Einwohner],2034,21.799544012777353,ZERO-B,KKW50
Summe pro Kopf [GJ/Einwohner],2035,21.75291664172353,ZERO-B,KKW50
Summe pro Kopf [GJ/Einwohner],2036,21.707144527652208,ZERO-B,KKW50
Summe pro Kopf [GJ/Einwohner],2037,21.703615180025082,ZERO-B,KKW50
Summe pro Kopf [GJ/Einwohner],2038,21.84314482835809,ZERO-B,KKW50
Summe pro Kopf [GJ/Einwohner],2039,21.816111204269983,ZERO-B,KKW50
Summe pro Kopf [GJ/Einwohner],2040,21.986847980574375,ZERO-B,KKW50
Summe pro Kopf [GJ/Einwohner],2041,21.78563375715047,ZERO-B,KKW50
Summe pro Kopf [GJ/Einwohner],2042,22.17822386867838,ZERO-B,KKW50
Summe pro Kopf [GJ/Einwohner],2043,21.983496301028108,ZERO-B,KKW50
Summe pro Kopf [GJ/Einwohner],2044,21.985036697103652,ZERO-B,KKW50
Summe pro Kopf [GJ/Einwohner],2045,22.29031080790549,ZERO-B,KKW50
Summe pro Kopf [GJ/Einwohner],2046,22.106529815149802,ZERO-B,KKW50
Summe pro Kopf [GJ/Einwohner],2047,22.27354260466218,ZERO-B,KKW50
Summe pro Kopf [GJ/Einwohner],2048,22.083157567717926,ZERO-B,KKW50
Summe pro Kopf [GJ/Einwohner],2049,22.142358154543988,ZERO-B,KKW50
Summe pro Kopf [GJ/Einwohner],2050,22.3050852931387,ZERO-B,KKW50
Summe pro Kopf [GJ/Einwohner],2051,22.168264967888774,ZERO-B,KKW50
Summe pro Kopf [GJ/Einwohner],2052,22.286545574041682,ZERO-B,KKW50
Summe pro Kopf [GJ/Einwohner],2053,22.233712247622076,ZERO-B,KKW50
Summe pro Kopf [GJ/Einwohner],2054,22.047121383977565,ZERO-B,KKW50
Summe pro Kopf [GJ/Einwohner],2055,22.222417612105666,ZERO-B,KKW50
Summe pro Kopf [GJ/Einwohner],2056,22.105812415944055,ZERO-B,KKW50
Summe pro Kopf [GJ/Einwohner],2057,22.047055849908507,ZERO-B,KKW50
Summe pro Kopf [GJ/Einwohner],2058,21.968169815687762,ZERO-B,KKW50
Summe pro Kopf [GJ/Einwohner],2059,21.991534632303857,ZERO-B,KKW50
Summe pro Kopf [GJ/Einwohner],2060,22.013808039386483,ZERO-B,KKW50
Veränderung (Referenzindex 2000),2000,100.0,ZERO-B,KKW50
Veränderung (Referenzindex 2000),2001,101.98272066397904,ZERO-B,KKW50
Veränderung (Referenzindex 2000),2002,101.73652140014676,ZERO-B,KKW50
Veränderung (Referenzindex 2000),2003,103.03084033558669,ZERO-B,KKW50
Veränderung (Referenzindex 2000),2004,104.27449297031251,ZERO-B,KKW50
Veränderung (Referenzindex 2000),2005,105.74502428961117,ZERO-B,KKW50
Veränderung (Referenzindex 2000),2006,105.915377719835,ZERO-B,KKW50
Veränderung (Referenzindex 2000),2007,104.33898550920455,ZERO-B,KKW50
Veränderung (Referenzindex 2000),2008,105.34538968352447,ZERO-B,KKW50
Veränderung (Referenzindex 2000),2009,101.85446767676956,ZERO-B,KKW50
Veränderung (Referenzindex 2000),2010,104.77834549698916,ZERO-B,KKW50
Veränderung (Referenzindex 2000),2011,101.60583281518439,ZERO-B,KKW50
Veränderung (Referenzindex 2000),2012,101.17217171056365,ZERO-B,KKW50
Veränderung (Referenzindex 2000),2013,100.61083095812302,ZERO-B,KKW50
Veränderung (Referenzindex 2000),2014,96.28412705061578,ZERO-B,KKW50
Veränderung (Referenzindex 2000),2015,96.48886989125178,ZERO-B,KKW50
Veränderung (Referenzindex 2000),2016,95.42903240062498,ZERO-B,KKW50
Veränderung (Referenzindex 2000),2017,94.84579057103919,ZERO-B,KKW50
Veränderung (Referenzindex 2000),2018,92.96804338310652,ZERO-B,KKW50
Veränderung (Referenzindex 2000),2019,91.37263732503651,ZERO-B,KKW50
Veränderung (Referenzindex 2000),2020,91.80903826064765,ZERO-B,KKW50
Veränderung (Referenzindex 2000),2021,90.59356333274783,ZERO-B,KKW50
Veränderung (Referenzindex 2000),2022,89.71797175273755,ZERO-B,KKW50
Veränderung (Referenzindex 2000),2023,88.6079105659641,ZERO-B,KKW50
Veränderung (Referenzindex 2000),2024,87.68308855517851,ZERO-B,KKW50
Veränderung (Referenzindex 2000),2025,86.87065506763965,ZERO-B,KKW50
Veränderung (Referenzindex 2000),2026,86.23073871325516,ZERO-B,KKW50
Veränderung (Referenzindex 2000),2027,85.57287138922769,ZERO-B,KKW50
Veränderung (Referenzindex 2000),2028,84.92253620065439,ZERO-B,KKW50
Veränderung (Referenzindex 2000),2029,84.39936748302115,ZERO-B,KKW50
Veränderung (Referenzindex 2000),2030,83.89772908871592,ZERO-B,KKW50
Veränderung (Referenzindex 2000),2031,83.51423646631238,ZERO-B,KKW50
Veränderung (Referenzindex 2000),2032,83.2276434736825,ZERO-B,KKW50
Veränderung (Referenzindex 2000),2033,83.17728408808959,ZERO-B,KKW50
Veränderung (Referenzindex 2000),2034,83.0658131412937,ZERO-B,KKW50
Veränderung (Referenzindex 2000),2035,82.88814242997256,ZERO-B,KKW50
Veränderung (Referenzindex 2000),2036,82.71373062244568,ZERO-B,KKW50
Veränderung (Referenzindex 2000),2037,82.70028226176741,ZERO-B,KKW50
Veränderung (Referenzindex 2000),2038,83.23195135031838,ZERO-B,KKW50
Veränderung (Referenzindex 2000),2039,83.12894139902222,ZERO-B,KKW50
Veränderung (Referenzindex 2000),2040,83.77952331709054,ZERO-B,KKW50
Veränderung (Referenzindex 2000),2041,83.0128089732261,ZERO-B,KKW50
Veränderung (Referenzindex 2000),2042,84.5087492931788,ZERO-B,KKW50
Veränderung (Referenzindex 2000),2043,83.76675194963732,ZERO-B,KKW50
Veränderung (Referenzindex 2000),2044,83.77262153353779,ZERO-B,KKW50
Veränderung (Referenzindex 2000),2045,84.93584963729433,ZERO-B,KKW50
Veränderung (Referenzindex 2000),2046,84.23556353983203,ZERO-B,KKW50
Veränderung (Referenzindex 2000),2047,84.8719554367318,ZERO-B,KKW50
Veränderung (Referenzindex 2000),2048,84.14650503765738,ZERO-B,KKW50
Veränderung (Referenzindex 2000),2049,84.37208520943832,ZERO-B,KKW50
Veränderung (Referenzindex 2000),2050,84.99214689878389,ZERO-B,KKW50
Veränderung (Referenzindex 2000),2051,84.4708015181429,ZERO-B,KKW50
Veränderung (Referenzindex 2000),2052,84.92150244671176,ZERO-B,KKW50
Veränderung (Referenzindex 2000),2053,84.72018432659733,ZERO-B,KKW50
Veränderung (Referenzindex 2000),2054,84.00919139003486,ZERO-B,KKW50
Veränderung (Referenzindex 2000),2055,84.67714681706249,ZERO-B,KKW50
Veränderung (Referenzindex 2000),2056,84.23282993456314,ZERO-B,KKW50
Veränderung (Referenzindex 2000),2057,84.00894167652105,ZERO-B,KKW50
Veränderung (Referenzindex 2000),2058,83.70835132590649,ZERO-B,KKW50
Veränderung (Referenzindex 2000),2059,83.79738151341756,ZERO-B,KKW50
Veränderung (Referenzindex 2000),2060,83.88225295245594,ZERO-B,KKW50
Prozentuale Einsparung seit 2000,2000,0.0,ZERO-B,KKW50
Prozentuale Einsparung seit 2000,2001,0.01982720663979043,ZERO-B,KKW50
Prozentuale Einsparung seit 2000,2002,0.01736521400146751,ZERO-B,KKW50
Prozentuale Einsparung seit 2000,2003,0.03030840335586693,ZERO-B,KKW50
Prozentuale Einsparung seit 2000,2004,0.042744929703125045,ZERO-B,KKW50
Prozentuale Einsparung seit 2000,2005,0.05745024289611167,ZERO-B,KKW50
Prozentuale Einsparung seit 2000,2006,0.05915377719835013,ZERO-B,KKW50
Prozentuale Einsparung seit 2000,2007,0.043389855092045515,ZERO-B,KKW50
Prozentuale Einsparung seit 2000,2008,0.05345389683524471,ZERO-B,KKW50
Prozentuale Einsparung seit 2000,2009,0.018544676767695556,ZERO-B,KKW50
Prozentuale Einsparung seit 2000,2010,0.04778345496989167,ZERO-B,KKW50
Prozentuale Einsparung seit 2000,2011,0.016058328151843826,ZERO-B,KKW50
Prozentuale Einsparung seit 2000,2012,0.01172171710563652,ZERO-B,KKW50
Prozentuale Einsparung seit 2000,2013,0.006108309581230209,ZERO-B,KKW50
Prozentuale Einsparung seit 2000,2014,-0.037158729493842246,ZERO-B,KKW50
Prozentuale Einsparung seit 2000,2015,-0.03511130108748217,ZERO-B,KKW50
Prozentuale Einsparung seit 2000,2016,-0.0457096759937502,ZERO-B,KKW50
Prozentuale Einsparung seit 2000,2017,-0.0515420942896081,ZERO-B,KKW50
Prozentuale Einsparung seit 2000,2018,-0.07031956616893487,ZERO-B,KKW50
Prozentuale Einsparung seit 2000,2019,-0.0862736267496349,ZERO-B,KKW50
Prozentuale Einsparung seit 2000,2020,-0.08190961739352343,ZERO-B,KKW50
Prozentuale Einsparung seit 2000,2021,-0.09406436667252172,ZERO-B,KKW50
Prozentuale Einsparung seit 2000,2022,-0.10282028247262442,ZERO-B,KKW50
Prozentuale Einsparung seit 2000,2023,-0.11392089434035901,ZERO-B,KKW50
Prozentuale Einsparung seit 2000,2024,-0.12316911444821488,ZERO-B,KKW50
Prozentuale Einsparung seit 2000,2025,-0.13129344932360354,ZERO-B,KKW50
Prozentuale Einsparung seit 2000,2026,-0.13769261286744838,ZERO-B,KKW50
Prozentuale Einsparung seit 2000,2027,-0.1442712861077231,ZERO-B,KKW50
Prozentuale Einsparung seit 2000,2028,-0.15077463799345603,ZERO-B,KKW50
Prozentuale Einsparung seit 2000,2029,-0.15600632516978852,ZERO-B,KKW50
Prozentuale Einsparung seit 2000,2030,-0.16102270911284078,ZERO-B,KKW50
Prozentuale Einsparung seit 2000,2031,-0.16485763533687614,ZERO-B,KKW50
Prozentuale Einsparung seit 2000,2032,-0.167723565263175,ZERO-B,KKW50
Prozentuale Einsparung seit 2000,2033,-0.16822715911910402,ZERO-B,KKW50
Prozentuale Einsparung seit 2000,2034,-0.16934186858706302,ZERO-B,KKW50
Prozentuale Einsparung seit 2000,2035,-0.17111857570027433,ZERO-B,KKW50
Prozentuale Einsparung seit 2000,2036,-0.1728626937755432,ZERO-B,KKW50
Prozentuale Einsparung seit 2000,2037,-0.1729971773823259,ZERO-B,KKW50
Prozentuale Einsparung seit 2000,2038,-0.16768048649681622,ZERO-B,KKW50
Prozentuale Einsparung seit 2000,2039,-0.16871058600977773,ZERO-B,KKW50
Prozentuale Einsparung seit 2000,2040,-0.16220476682909457,ZERO-B,KKW50
Prozentuale Einsparung seit 2000,2041,-0.16987191026773896,ZERO-B,KKW50
Prozentuale Einsparung seit 2000,2042,-0.15491250706821202,ZERO-B,KKW50
Prozentuale Einsparung seit 2000,2043,-0.1623324805036267,ZERO-B,KKW50
Prozentuale Einsparung seit 2000,2044,-0.16227378466462217,ZERO-B,KKW50
Prozentuale Einsparung seit 2000,2045,-0.15064150362705675,ZERO-B,KKW50
Prozentuale Einsparung seit 2000,2046,-0.15764436460167974,ZERO-B,KKW50
Prozentuale Einsparung seit 2000,2047,-0.15128044563268206,ZERO-B,KKW50
Prozentuale Einsparung seit 2000,2048,-0.1585349496234263,ZERO-B,KKW50
Prozentuale Einsparung seit 2000,2049,-0.1562791479056168,ZERO-B,KKW50
Prozentuale Einsparung seit 2000,2050,-0.15007853101216118,ZERO-B,KKW50
Prozentuale Einsparung seit 2000,2051,-0.15529198481857098,ZERO-B,KKW50
Prozentuale Einsparung seit 2000,2052,-0.1507849755328825,ZERO-B,KKW50
Prozentuale Einsparung seit 2000,2053,-0.15279815673402664,ZERO-B,KKW50
Prozentuale Einsparung seit 2000,2054,-0.15990808609965146,ZERO-B,KKW50
Prozentuale Einsparung seit 2000,2055,-0.15322853182937513,ZERO-B,KKW50
Prozentuale Einsparung seit 2000,2056,-0.15767170065436853,ZERO-B,KKW50
Prozentuale Einsparung seit 2000,2057,-0.15991058323478957,ZERO-B,KKW50
Prozentuale Einsparung seit 2000,2058,-0.16291648674093506,ZERO-B,KKW50
Prozentuale Einsparung seit 2000,2059,-0.16202618486582443,ZERO-B,KKW50
Prozentuale Einsparung seit 2000,2060,-0.1611774704754405,ZERO-B,KKW50
Summe pro Kopf [GJ/Einwohner],2000,26.243701455972815,ZERO-C,KKW50
Summe pro Kopf [GJ/Einwohner],2001,26.764040747733358,ZERO-C,KKW50
Summe pro Kopf [GJ/Einwohner],2002,26.699428947946405,ZERO-C,KKW50
Summe pro Kopf [GJ/Einwohner],2003,27.03910614525139,ZERO-C,KKW50
Summe pro Kopf [GJ/Einwohner],2004,27.36548662985817,ZERO-C,KKW50
Summe pro Kopf [GJ/Einwohner],2005,27.75140847911149,ZERO-C,KKW50
Summe pro Kopf [GJ/Einwohner],2006,27.796115524759447,ZERO-C,KKW50
Summe pro Kopf [GJ/Einwohner],2007,27.382411859226377,ZERO-C,KKW50
Summe pro Kopf [GJ/Einwohner],2008,27.646529566175346,ZERO-C,KKW50
Summe pro Kopf [GJ/Einwohner],2009,26.73038241666173,ZERO-C,KKW50
Summe pro Kopf [GJ/Einwohner],2010,27.497716182737573,ZERO-C,KKW50
Summe pro Kopf [GJ/Einwohner],2011,26.665131425871845,ZERO-C,KKW50
Summe pro Kopf [GJ/Einwohner],2012,26.55132270024451,ZERO-C,KKW50
Summe pro Kopf [GJ/Einwohner],2013,26.40400610902328,ZERO-C,KKW50
Summe pro Kopf [GJ/Einwohner],2014,25.268518852653166,ZERO-C,KKW50
Summe pro Kopf [GJ/Einwohner],2015,25.32225095250216,ZERO-C,KKW50
Summe pro Kopf [GJ/Einwohner],2016,25.044110365543588,ZERO-C,KKW50
Summe pro Kopf [GJ/Einwohner],2017,24.89104612102074,ZERO-C,KKW50
Summe pro Kopf [GJ/Einwohner],2018,24.39825575492177,ZERO-C,KKW50
Summe pro Kopf [GJ/Einwohner],2019,23.979562152031367,ZERO-C,KKW50
Summe pro Kopf [GJ/Einwohner],2020,24.092071040118427,ZERO-C,KKW50
Summe pro Kopf [GJ/Einwohner],2021,23.772799291862334,ZERO-C,KKW50
Summe pro Kopf [GJ/Einwohner],2022,23.558959012874933,ZERO-C,KKW50
Summe pro Kopf [GJ/Einwohner],2023,23.290284205172384,ZERO-C,KKW50
Summe pro Kopf [GJ/Einwohner],2024,23.0872883080941,ZERO-C,KKW50
Summe pro Kopf [GJ/Einwohner],2025,22.908806442673797,ZERO-C,KKW50
Summe pro Kopf [GJ/Einwohner],2026,22.761944639209464,ZERO-C,KKW50
Summe pro Kopf [GJ/Einwohner],2027,22.627298012738844,ZERO-C,KKW50
Summe pro Kopf [GJ/Einwohner],2028,22.4651603740894,ZERO-C,KKW50
Summe pro Kopf [GJ/Einwohner],2029,22.395481250225217,ZERO-C,KKW50
Summe pro Kopf [GJ/Einwohner],2030,22.272965321734954,ZERO-C,KKW50
Summe pro Kopf [GJ/Einwohner],2031,22.235889244936317,ZERO-C,KKW50
Summe pro Kopf [GJ/Einwohner],2032,22.226336973016508,ZERO-C,KKW50
Summe pro Kopf [GJ/Einwohner],2033,22.312693653763905,ZERO-C,KKW50
Summe pro Kopf [GJ/Einwohner],2034,22.353729745905092,ZERO-C,KKW50
Summe pro Kopf [GJ/Einwohner],2035,22.344349403973638,ZERO-C,KKW50
Summe pro Kopf [GJ/Einwohner],2036,22.365591300613705,ZERO-C,KKW50
Summe pro Kopf [GJ/Einwohner],2037,22.434050230958384,ZERO-C,KKW50
Summe pro Kopf [GJ/Einwohner],2038,22.619888489919138,ZERO-C,KKW50
Summe pro Kopf [GJ/Einwohner],2039,22.659155151607596,ZERO-C,KKW50
Summe pro Kopf [GJ/Einwohner],2040,22.88473468836035,ZERO-C,KKW50
Summe pro Kopf [GJ/Einwohner],2041,22.739513609302975,ZERO-C,KKW50
Summe pro Kopf [GJ/Einwohner],2042,23.198976680486098,ZERO-C,KKW50
Summe pro Kopf [GJ/Einwohner],2043,23.087338331027517,ZERO-C,KKW50
Summe pro Kopf [GJ/Einwohner],2044,23.19461449412693,ZERO-C,KKW50
Summe pro Kopf [GJ/Einwohner],2045,23.57662449614887,ZERO-C,KKW50
Summe pro Kopf [GJ/Einwohner],2046,23.465068129773016,ZERO-C,KKW50
Summe pro Kopf [GJ/Einwohner],2047,23.696533342332476,ZERO-C,KKW50
Summe pro Kopf [GJ/Einwohner],2048,23.557253632109894,ZERO-C,KKW50
Summe pro Kopf [GJ/Einwohner],2049,23.664140744746394,ZERO-C,KKW50
Summe pro Kopf [GJ/Einwohner],2050,23.90887733994148,ZERO-C,KKW50
Summe pro Kopf [GJ/Einwohner],2051,23.812902360872346,ZERO-C,KKW50
Summe pro Kopf [GJ/Einwohner],2052,23.965317887601014,ZERO-C,KKW50
Summe pro Kopf [GJ/Einwohner],2053,23.94962532423508,ZERO-C,KKW50
Summe pro Kopf [GJ/Einwohner],2054,23.800423890755663,ZERO-C,KKW50
Summe pro Kopf [GJ/Einwohner],2055,24.00791281579878,ZERO-C,KKW50
Summe pro Kopf [GJ/Einwohner],2056,23.91912338436348,ZERO-C,KKW50
Summe pro Kopf [GJ/Einwohner],2057,23.88541226490729,ZERO-C,KKW50
Summe pro Kopf [GJ/Einwohner],2058,23.834092508552327,ZERO-C,KKW50
Summe pro Kopf [GJ/Einwohner],2059,23.875636956883593,ZERO-C,KKW50
Summe pro Kopf [GJ/Einwohner],2060,23.92134386685606,ZERO-C,KKW50
Veränderung (Referenzindex 2000),2000,100.0,ZERO-C,KKW50
Veränderung (Referenzindex 2000),2001,101.98272066397904,ZERO-C,KKW50
Veränderung (Referenzindex 2000),2002,101.73652140014676,ZERO-C,KKW50
Veränderung (Referenzindex 2000),2003,103.03084033558669,ZERO-C,KKW50
Veränderung (Referenzindex 2000),2004,104.27449297031251,ZERO-C,KKW50
Veränderung (Referenzindex 2000),2005,105.74502428961117,ZERO-C,KKW50
Veränderung (Referenzindex 2000),2006,105.915377719835,ZERO-C,KKW50
Veränderung (Referenzindex 2000),2007,104.33898550920455,ZERO-C,KKW50
Veränderung (Referenzindex 2000),2008,105.34538968352447,ZERO-C,KKW50
Veränderung (Referenzindex 2000),2009,101.85446767676956,ZERO-C,KKW50
Veränderung (Referenzindex 2000),2010,104.77834549698916,ZERO-C,KKW50
Veränderung (Referenzindex 2000),2011,101.60583281518439,ZERO-C,KKW50
Veränderung (Referenzindex 2000),2012,101.17217171056365,ZERO-C,KKW50
Veränderung (Referenzindex 2000),2013,100.61083095812302,ZERO-C,KKW50
Veränderung (Referenzindex 2000),2014,96.28412705061578,ZERO-C,KKW50
Veränderung (Referenzindex 2000),2015,96.48886989125178,ZERO-C,KKW50
Veränderung (Referenzindex 2000),2016,95.42903240062498,ZERO-C,KKW50
Veränderung (Referenzindex 2000),2017,94.84579057103919,ZERO-C,KKW50
Veränderung (Referenzindex 2000),2018,92.96804338310655,ZERO-C,KKW50
Veränderung (Referenzindex 2000),2019,91.37263732503651,ZERO-C,KKW50
Veränderung (Referenzindex 2000),2020,91.80134547916565,ZERO-C,KKW50
Veränderung (Referenzindex 2000),2021,90.58478024429697,ZERO-C,KKW50
Veränderung (Referenzindex 2000),2022,89.76995509721873,ZERO-C,KKW50
Veränderung (Referenzindex 2000),2023,88.74618637254669,ZERO-C,KKW50
Veränderung (Referenzindex 2000),2024,87.97268307150192,ZERO-C,KKW50
Veränderung (Referenzindex 2000),2025,87.29258897075272,ZERO-C,KKW50
Veränderung (Referenzindex 2000),2026,86.7329811589099,ZERO-C,KKW50
Veränderung (Referenzindex 2000),2027,86.21991852292273,ZERO-C,KKW50
Veränderung (Referenzindex 2000),2028,85.6021030866305,ZERO-C,KKW50
Veränderung (Referenzindex 2000),2029,85.33659509805244,ZERO-C,KKW50
Veränderung (Referenzindex 2000),2030,84.8697557358695,ZERO-C,KKW50
Veränderung (Referenzindex 2000),2031,84.72847964011434,ZERO-C,KKW50
Veränderung (Referenzindex 2000),2032,84.69208129921782,ZERO-C,KKW50
Veränderung (Referenzindex 2000),2033,85.02113808601396,ZERO-C,KKW50
Veränderung (Referenzindex 2000),2034,85.17750357512011,ZERO-C,KKW50
Veränderung (Referenzindex 2000),2035,85.14176036280232,ZERO-C,KKW50
Veränderung (Referenzindex 2000),2036,85.22270129514642,ZERO-C,KKW50
Veränderung (Referenzindex 2000),2037,85.48355981184433,ZERO-C,KKW50
Veränderung (Referenzindex 2000),2038,86.19168499484309,ZERO-C,KKW50
Veränderung (Referenzindex 2000),2039,86.34130817873098,ZERO-C,KKW50
Veränderung (Referenzindex 2000),2040,87.200865040903,ZERO-C,KKW50
Veränderung (Referenzindex 2000),2041,86.64750910785749,ZERO-C,KKW50
Veränderung (Referenzindex 2000),2042,88.39826470136222,ZERO-C,KKW50
Veränderung (Referenzindex 2000),2043,87.97287368079346,ZERO-C,KKW50
Veränderung (Referenzindex 2000),2044,88.38164286024546,ZERO-C,KKW50
Veränderung (Referenzindex 2000),2045,89.83726832779931,ZERO-C,KKW50
Veränderung (Referenzindex 2000),2046,89.41218969869279,ZERO-C,KKW50
Veränderung (Referenzindex 2000),2047,90.29417356422248,ZERO-C,KKW50
Veränderung (Referenzindex 2000),2048,89.76345684937095,ZERO-C,KKW50
Veränderung (Referenzindex 2000),2049,90.17074357611496,ZERO-C,KKW50
Veränderung (Referenzindex 2000),2050,91.10329722372317,ZERO-C,KKW50
Veränderung (Referenzindex 2000),2051,90.73759050651279,ZERO-C,KKW50
Veränderung (Referenzindex 2000),2052,91.31836043709733,ZERO-C,KKW50
Veränderung (Referenzindex 2000),2053,91.258564895709,ZERO-C,KKW50
Veränderung (Referenzindex 2000),2054,90.69004206850903,ZERO-C,KKW50
Veränderung (Referenzindex 2000),2055,91.48066577451029,ZERO-C,KKW50
Veränderung (Referenzindex 2000),2056,91.14233914179708,ZERO-C,KKW50
Veränderung (Referenzindex 2000),2057,91.01388500771563,ZERO-C,KKW50
Veränderung (Referenzindex 2000),2058,90.81833425264757,ZERO-C,KKW50
Veränderung (Referenzindex 2000),2059,90.97663680155044,ZERO-C,KKW50
Veränderung (Referenzindex 2000),2060,91.15080015289455,ZERO-C,KKW50
Prozentuale Einsparung seit 2000,2000,0.0,ZERO-C,KKW50
Prozentuale Einsparung seit 2000,2001,0.01982720663979043,ZERO-C,KKW50
Prozentuale Einsparung seit 2000,2002,0.01736521400146751,ZERO-C,KKW50
Prozentuale Einsparung seit 2000,2003,0.03030840335586693,ZERO-C,KKW50
Prozentuale Einsparung seit 2000,2004,0.042744929703125045,ZERO-C,KKW50
Prozentuale Einsparung seit 2000,2005,0.05745024289611167,ZERO-C,KKW50
Prozentuale Einsparung seit 2000,2006,0.05915377719835013,ZERO-C,KKW50
Prozentuale Einsparung seit 2000,2007,0.043389855092045515,ZERO-C,KKW50
Prozentuale Einsparung seit 2000,2008,0.05345389683524471,ZERO-C,KKW50
Prozentuale Einsparung seit 2000,2009,0.018544676767695556,ZERO-C,KKW50
Prozentuale Einsparung seit 2000,2010,0.04778345496989167,ZERO-C,KKW50
Prozentuale Einsparung seit 2000,2011,0.016058328151843826,ZERO-C,KKW50
Prozentuale Einsparung seit 2000,2012,0.01172171710563652,ZERO-C,KKW50
Prozentuale Einsparung seit 2000,2013,0.006108309581230209,ZERO-C,KKW50
Prozentuale Einsparung seit 2000,2014,-0.037158729493842246,ZERO-C,KKW50
Prozentuale Einsparung seit 2000,2015,-0.03511130108748217,ZERO-C,KKW50
Prozentuale Einsparung seit 2000,2016,-0.0457096759937502,ZERO-C,KKW50
Prozentuale Einsparung seit 2000,2017,-0.0515420942896081,ZERO-C,KKW50
Prozentuale Einsparung seit 2000,2018,-0.07031956616893453,ZERO-C,KKW50
Prozentuale Einsparung seit 2000,2019,-0.0862736267496349,ZERO-C,KKW50
Prozentuale Einsparung seit 2000,2020,-0.08198654520834359,ZERO-C,KKW50
Prozentuale Einsparung seit 2000,2021,-0.09415219755703041,ZERO-C,KKW50
Prozentuale Einsparung seit 2000,2022,-0.10230044902781277,ZERO-C,KKW50
Prozentuale Einsparung seit 2000,2023,-0.11253813627453313,ZERO-C,KKW50
Prozentuale Einsparung seit 2000,2024,-0.12027316928498077,ZERO-C,KKW50
Prozentuale Einsparung seit 2000,2025,-0.12707411029247284,ZERO-C,KKW50
Prozentuale Einsparung seit 2000,2026,-0.13267018841090106,ZERO-C,KKW50
Prozentuale Einsparung seit 2000,2027,-0.13780081477077277,ZERO-C,KKW50
Prozentuale Einsparung seit 2000,2028,-0.1439789691336949,ZERO-C,KKW50
Prozentuale Einsparung seit 2000,2029,-0.14663404901947552,ZERO-C,KKW50
Prozentuale Einsparung seit 2000,2030,-0.151302442641305,ZERO-C,KKW50
Prozentuale Einsparung seit 2000,2031,-0.1527152035988566,ZERO-C,KKW50
Prozentuale Einsparung seit 2000,2032,-0.15307918700782175,ZERO-C,KKW50
Prozentuale Einsparung seit 2000,2033,-0.1497886191398603,ZERO-C,KKW50
Prozentuale Einsparung seit 2000,2034,-0.14822496424879894,ZERO-C,KKW50
Prozentuale Einsparung seit 2000,2035,-0.1485823963719768,ZERO-C,KKW50
Prozentuale Einsparung seit 2000,2036,-0.1477729870485358,ZERO-C,KKW50
Prozentuale Einsparung seit 2000,2037,-0.14516440188155666,ZERO-C,KKW50
Prozentuale Einsparung seit 2000,2038,-0.13808315005156913,ZERO-C,KKW50
Prozentuale Einsparung seit 2000,2039,-0.1365869182126902,ZERO-C,KKW50
Prozentuale Einsparung seit 2000,2040,-0.12799134959097003,ZERO-C,KKW50
Prozentuale Einsparung seit 2000,2041,-0.1335249089214251,ZERO-C,KKW50
Prozentuale Einsparung seit 2000,2042,-0.11601735298637783,ZERO-C,KKW50
Prozentuale Einsparung seit 2000,2043,-0.12027126319206549,ZERO-C,KKW50
Prozentuale Einsparung seit 2000,2044,-0.11618357139754543,ZERO-C,KKW50
Prozentuale Einsparung seit 2000,2045,-0.10162731672200698,ZERO-C,KKW50
Prozentuale Einsparung seit 2000,2046,-0.1058781030130721,ZERO-C,KKW50
Prozentuale Einsparung seit 2000,2047,-0.0970582643577752,ZERO-C,KKW50
Prozentuale Einsparung seit 2000,2048,-0.1023654315062904,ZERO-C,KKW50
Prozentuale Einsparung seit 2000,2049,-0.09829256423885047,ZERO-C,KKW50
Prozentuale Einsparung seit 2000,2050,-0.08896702776276821,ZERO-C,KKW50
Prozentuale Einsparung seit 2000,2051,-0.09262409493487211,ZERO-C,KKW50
Prozentuale Einsparung seit 2000,2052,-0.08681639562902677,ZERO-C,KKW50
Prozentuale Einsparung seit 2000,2053,-0.08741435104290995,ZERO-C,KKW50
Prozentuale Einsparung seit 2000,2054,-0.09309957931490964,ZERO-C,KKW50
Prozentuale Einsparung seit 2000,2055,-0.08519334225489716,ZERO-C,KKW50
Prozentuale Einsparung seit 2000,2056,-0.0885766085820292,ZERO-C,KKW50
Prozentuale Einsparung seit 2000,2057,-0.08986114992284366,ZERO-C,KKW50
Prozentuale Einsparung seit 2000,2058,-0.0918166574735243,ZERO-C,KKW50
Prozentuale Einsparung seit 2000,2059,-0.09023363198449563,ZERO-C,KKW50
Prozentuale Einsparung seit 2000,2060,-0.08849199847105449,ZERO-C,KKW50
Summe pro Kopf [GJ/Einwohner],2000,26.243701455972815,WWB,KKW50
Summe pro Kopf [GJ/Einwohner],2001,26.76404074773335,WWB,KKW50
Summe pro Kopf [GJ/Einwohner],2002,26.6994289479464,WWB,KKW50
Summe pro Kopf [GJ/Einwohner],2003,27.03910614525139,WWB,KKW50
Summe pro Kopf [GJ/Einwohner],2004,27.365486629858182,WWB,KKW50
Summe pro Kopf [GJ/Einwohner],2005,27.751408479111486,WWB,KKW50
Summe pro Kopf [GJ/Einwohner],2006,27.796115524759454,WWB,KKW50
Summe pro Kopf [GJ/Einwohner],2007,27.382411859226387,WWB,KKW50
Summe pro Kopf [GJ/Einwohner],2008,27.646529566175342,WWB,KKW50
Summe pro Kopf [GJ/Einwohner],2009,26.730382416661715,WWB,KKW50
Summe pro Kopf [GJ/Einwohner],2010,27.497716182737584,WWB,KKW50
Summe pro Kopf [GJ/Einwohner],2011,26.665131425871845,WWB,KKW50
Summe pro Kopf [GJ/Einwohner],2012,26.551322700244512,WWB,KKW50
Summe pro Kopf [GJ/Einwohner],2013,26.40400610902328,WWB,KKW50
Summe pro Kopf [GJ/Einwohner],2014,25.26851885265316,WWB,KKW50
Summe pro Kopf [GJ/Einwohner],2015,25.322250952502152,WWB,KKW50
Summe pro Kopf [GJ/Einwohner],2016,25.044110365543585,WWB,KKW50
Summe pro Kopf [GJ/Einwohner],2017,24.891046121020743,WWB,KKW50
Summe pro Kopf [GJ/Einwohner],2018,24.39825575492177,WWB,KKW50
Summe pro Kopf [GJ/Einwohner],2019,23.97956215203137,WWB,KKW50
Summe pro Kopf [GJ/Einwohner],2020,24.154488103487108,WWB,KKW50
Summe pro Kopf [GJ/Einwohner],2021,23.942433872035313,WWB,KKW50
Summe pro Kopf [GJ/Einwohner],2022,23.767270936708012,WWB,KKW50
Summe pro Kopf [GJ/Einwohner],2023,23.588898736558015,WWB,KKW50
Summe pro Kopf [GJ/Einwohner],2024,23.444396314763956,WWB,KKW50
Summe pro Kopf [GJ/Einwohner],2025,23.3506265806911,WWB,KKW50
Summe pro Kopf [GJ/Einwohner],2026,23.2295203490108,WWB,KKW50
Summe pro Kopf [GJ/Einwohner],2027,23.120884543152876,WWB,KKW50
Summe pro Kopf [GJ/Einwohner],2028,23.00918669671483,WWB,KKW50
Summe pro Kopf [GJ/Einwohner],2029,22.914088920849874,WWB,KKW50
Summe pro Kopf [GJ/Einwohner],2030,22.82204818867583,WWB,KKW50
Summe pro Kopf [GJ/Einwohner],2031,22.7532998474805,WWB,KKW50
Summe pro Kopf [GJ/Einwohner],2032,22.694108591238557,WWB,KKW50
Summe pro Kopf [GJ/Einwohner],2033,22.64426813336071,WWB,KKW50
Summe pro Kopf [GJ/Einwohner],2034,22.616723524245078,WWB,KKW50
Summe pro Kopf [GJ/Einwohner],2035,22.616133606400705,WWB,KKW50
Summe pro Kopf [GJ/Einwohner],2036,22.58822861513139,WWB,KKW50
Summe pro Kopf [GJ/Einwohner],2037,22.545459306395603,WWB,KKW50
Summe pro Kopf [GJ/Einwohner],2038,22.515151687812754,WWB,KKW50
Summe pro Kopf [GJ/Einwohner],2039,22.618062457938866,WWB,KKW50
Summe pro Kopf [GJ/Einwohner],2040,22.64610133198301,WWB,KKW50
Summe pro Kopf [GJ/Einwohner],2041,22.648398715929904,WWB,KKW50
Summe pro Kopf [GJ/Einwohner],2042,22.665807629895244,WWB,KKW50
Summe pro Kopf [GJ/Einwohner],2043,22.673226729415312,WWB,KKW50
Summe pro Kopf [GJ/Einwohner],2044,22.703344621791175,WWB,KKW50
Summe pro Kopf [GJ/Einwohner],2045,22.730093252586972,WWB,KKW50
Summe pro Kopf [GJ/Einwohner],2046,22.7678183356189,WWB,KKW50
Summe pro Kopf [GJ/Einwohner],2047,22.818232758833123,WWB,KKW50
Summe pro Kopf [GJ/Einwohner],2048,22.86395353922232,WWB,KKW50
Summe pro Kopf [GJ/Einwohner],2049,22.92711644269379,WWB,KKW50
Summe pro Kopf [GJ/Einwohner],2050,22.998114706485914,WWB,KKW50
Summe pro Kopf [GJ/Einwohner],2051,23.081868275775307,WWB,KKW50
Summe pro Kopf [GJ/Einwohner],2052,23.158723130863496,WWB,KKW50
Summe pro Kopf [GJ/Einwohner],2053,23.263024667279474,WWB,KKW50
Summe pro Kopf [GJ/Einwohner],2054,23.366213143733795,WWB,KKW50
Summe pro Kopf [GJ/Einwohner],2055,23.46253543327572,WWB,KKW50
Summe pro Kopf [GJ/Einwohner],2056,23.574372938433203,WWB,KKW50
Summe pro Kopf [GJ/Einwohner],2057,23.683303695114397,WWB,KKW50
Summe pro Kopf [GJ/Einwohner],2058,23.74962711586858,WWB,KKW50
Summe pro Kopf [GJ/Einwohner],2059,23.85127951839817,WWB,KKW50
Summe pro Kopf [GJ/Einwohner],2060,23.930450772867022,WWB,KKW50
Veränderung (Referenzindex 2000),2000,100.0,WWB,KKW50
Veränderung (Referenzindex 2000),2001,101.98272066397902,WWB,KKW50
Veränderung (Referenzindex 2000),2002,101.73652140014673,WWB,KKW50
Veränderung (Referenzindex 2000),2003,103.03084033558669,WWB,KKW50
Veränderung (Referenzindex 2000),2004,104.27449297031255,WWB,KKW50
Veränderung (Referenzindex 2000),2005,105.74502428961114,WWB,KKW50
Veränderung (Referenzindex 2000),2006,105.91537771983504,WWB,KKW50
Veränderung (Referenzindex 2000),2007,104.33898550920458,WWB,KKW50
Veränderung (Referenzindex 2000),2008,105.34538968352444,WWB,KKW50
Veränderung (Referenzindex 2000),2009,101.85446767676949,WWB,KKW50
Veränderung (Referenzindex 2000),2010,104.77834549698922,WWB,KKW50
Veränderung (Referenzindex 2000),2011,101.60583281518439,WWB,KKW50
Veränderung (Referenzindex 2000),2012,101.17217171056365,WWB,KKW50
Veränderung (Referenzindex 2000),2013,100.61083095812302,WWB,KKW50
Veränderung (Referenzindex 2000),2014,96.28412705061574,WWB,KKW50
Veränderung (Referenzindex 2000),2015,96.48886989125177,WWB,KKW50
Veränderung (Referenzindex 2000),2016,95.42903240062498,WWB,KKW50
Veränderung (Referenzindex 2000),2017,94.8457905710392,WWB,KKW50
Veränderung (Referenzindex 2000),2018,92.96804338310655,WWB,KKW50
Veränderung (Referenzindex 2000),2019,91.37263732503652,WWB,KKW50
Veränderung (Referenzindex 2000),2020,92.03918183572301,WWB,KKW50
Veränderung (Referenzindex 2000),2021,91.2311623122288,WWB,KKW50
Veränderung (Referenzindex 2000),2022,90.56371478916823,WWB,KKW50
Veränderung (Referenzindex 2000),2023,89.88403856114363,WWB,KKW50
Veränderung (Referenzindex 2000),2024,89.33342102711748,WWB,KKW50
Veränderung (Referenzindex 2000),2025,88.97611725946805,WWB,KKW50
Veränderung (Referenzindex 2000),2026,88.51464945972393,WWB,KKW50
Veränderung (Referenzindex 2000),2027,88.10069944569798,WWB,KKW50
Veränderung (Referenzindex 2000),2028,87.67508171557165,WWB,KKW50
Veränderung (Referenzindex 2000),2029,87.3127175268748,WWB,KKW50
Veränderung (Referenzindex 2000),2030,86.96200201394133,WWB,KKW50
Veränderung (Referenzindex 2000),2031,86.70004071511059,WWB,KKW50
Veränderung (Referenzindex 2000),2032,86.47449609694289,WWB,KKW50
Veränderung (Referenzindex 2000),2033,86.28458211715822,WWB,KKW50
Veränderung (Referenzindex 2000),2034,86.17962508904296,WWB,KKW50
Veränderung (Referenzindex 2000),2035,86.17737724361092,WWB,KKW50
Veränderung (Referenzindex 2000),2036,86.0710470016055,WWB,KKW50
Veränderung (Referenzindex 2000),2037,85.908077197946,WWB,KKW50
Veränderung (Referenzindex 2000),2038,85.79259189327702,WWB,KKW50
Veränderung (Referenzindex 2000),2039,86.18472701300757,WWB,KKW50
Veränderung (Referenzindex 2000),2040,86.2915674070396,WWB,KKW50
Veränderung (Referenzindex 2000),2041,86.30032144636878,WWB,KKW50
Veränderung (Referenzindex 2000),2042,86.36665703547975,WWB,KKW50
Veränderung (Referenzindex 2000),2043,86.39492705498333,WWB,KKW50
Veränderung (Referenzindex 2000),2044,86.50968941968402,WWB,KKW50
Veränderung (Referenzindex 2000),2045,86.61161342167996,WWB,KKW50
Veränderung (Referenzindex 2000),2046,86.75536251551576,WWB,KKW50
Veränderung (Referenzindex 2000),2047,86.94746355468813,WWB,KKW50
Veränderung (Referenzindex 2000),2048,87.12167975839667,WWB,KKW50
Veränderung (Referenzindex 2000),2049,87.3623580925007,WWB,KKW50
Veränderung (Referenzindex 2000),2050,87.63289258212379,WWB,KKW50
Veränderung (Referenzindex 2000),2051,87.95203037383317,WWB,KKW50
Veränderung (Referenzindex 2000),2052,88.24488104208635,WWB,KKW50
Veränderung (Referenzindex 2000),2053,88.64231559068064,WWB,KKW50
Veränderung (Referenzindex 2000),2054,89.03550889318575,WWB,KKW50
Veränderung (Referenzindex 2000),2055,89.40253901545535,WWB,KKW50
Veränderung (Referenzindex 2000),2056,89.8286889064877,WWB,KKW50
Veränderung (Referenzindex 2000),2057,90.24376281236923,WWB,KKW50
Veränderung (Referenzindex 2000),2058,90.49648410195351,WWB,KKW50
Veränderung (Referenzindex 2000),2059,90.8838242898463,WWB,KKW50
Veränderung (Referenzindex 2000),2060,91.18550145456209,WWB,KKW50
Prozentuale Einsparung seit 2000,2000,0.0,WWB,KKW50
Prozentuale Einsparung seit 2000,2001,0.019827206639790207,WWB,KKW50
Prozentuale Einsparung seit 2000,2002,0.01736521400146729,WWB,KKW50
Prozentuale Einsparung seit 2000,2003,0.03030840335586693,WWB,KKW50
Prozentuale Einsparung seit 2000,2004,0.04274492970312549,WWB,KKW50
Prozentuale Einsparung seit 2000,2005,0.05745024289611145,WWB,KKW50
Prozentuale Einsparung seit 2000,2006,0.059153777198350355,WWB,KKW50
Prozentuale Einsparung seit 2000,2007,0.04338985509204574,WWB,KKW50
Prozentuale Einsparung seit 2000,2008,0.053453896835244485,WWB,KKW50
Prozentuale Einsparung seit 2000,2009,0.01854467676769489,WWB,KKW50
Prozentuale Einsparung seit 2000,2010,0.047783454969892114,WWB,KKW50
Prozentuale Einsparung seit 2000,2011,0.016058328151843826,WWB,KKW50
Prozentuale Einsparung seit 2000,2012,0.01172171710563652,WWB,KKW50
Prozentuale Einsparung seit 2000,2013,0.006108309581230209,WWB,KKW50
Prozentuale Einsparung seit 2000,2014,-0.03715872949384258,WWB,KKW50
Prozentuale Einsparung seit 2000,2015,-0.035111301087482394,WWB,KKW50
Prozentuale Einsparung seit 2000,2016,-0.04570967599375031,WWB,KKW50
Prozentuale Einsparung seit 2000,2017,-0.05154209428960799,WWB,KKW50
Prozentuale Einsparung seit 2000,2018,-0.07031956616893453,WWB,KKW50
Prozentuale Einsparung seit 2000,2019,-0.08627362674963479,WWB,KKW50
Prozentuale Einsparung seit 2000,2020,-0.07960818164276984,WWB,KKW50
Prozentuale Einsparung seit 2000,2021,-0.08768837687771192,WWB,KKW50
Prozentuale Einsparung seit 2000,2022,-0.09436285210831763,WWB,KKW50
Prozentuale Einsparung seit 2000,2023,-0.1011596143885638,WWB,KKW50
Prozentuale Einsparung seit 2000,2024,-0.10666578972882512,WWB,KKW50
Prozentuale Einsparung seit 2000,2025,-0.11023882740531943,WWB,KKW50
Prozentuale Einsparung seit 2000,2026,-0.11485350540276074,WWB,KKW50
Prozentuale Einsparung seit 2000,2027,-0.11899300554302017,WWB,KKW50
Prozentuale Einsparung seit 2000,2028,-0.12324918284428354,WWB,KKW50
Prozentuale Einsparung seit 2000,2029,-0.12687282473125194,WWB,KKW50
Prozentuale Einsparung seit 2000,2030,-0.1303799798605867,WWB,KKW50
Prozentuale Einsparung seit 2000,2031,-0.13299959284889418,WWB,KKW50
Prozentuale Einsparung seit 2000,2032,-0.13525503903057112,WWB,KKW50
Prozentuale Einsparung seit 2000,2033,-0.13715417882841774,WWB,KKW50
Prozentuale Einsparung seit 2000,2034,-0.13820374910957045,WWB,KKW50
Prozentuale Einsparung seit 2000,2035,-0.1382262275638908,WWB,KKW50
Prozentuale Einsparung seit 2000,2036,-0.13928952998394495,WWB,KKW50
Prozentuale Einsparung seit 2000,2037,-0.14091922802054002,WWB,KKW50
Prozentuale Einsparung seit 2000,2038,-0.14207408106722985,WWB,KKW50
Prozentuale Einsparung seit 2000,2039,-0.13815272986992422,WWB,KKW50
Prozentuale Einsparung seit 2000,2040,-0.13708432592960407,WWB,KKW50
Prozentuale Einsparung seit 2000,2041,-0.13699678553631212,WWB,KKW50
Prozentuale Einsparung seit 2000,2042,-0.13633342964520256,WWB,KKW50
Prozentuale Einsparung seit 2000,2043,-0.13605072945016672,WWB,KKW50
Prozentuale Einsparung seit 2000,2044,-0.13490310580315978,WWB,KKW50
Prozentuale Einsparung seit 2000,2045,-0.13388386578320033,WWB,KKW50
Prozentuale Einsparung seit 2000,2046,-0.13244637484484245,WWB,KKW50
Prozentuale Einsparung seit 2000,2047,-0.1305253644531187,WWB,KKW50
Prozentuale Einsparung seit 2000,2048,-0.12878320241603336,WWB,KKW50
Prozentuale Einsparung seit 2000,2049,-0.12637641907499297,WWB,KKW50
Prozentuale Einsparung seit 2000,2050,-0.12367107417876211,WWB,KKW50
Prozentuale Einsparung seit 2000,2051,-0.12047969626166832,WWB,KKW50
Prozentuale Einsparung seit 2000,2052,-0.11755118957913646,WWB,KKW50
Prozentuale Einsparung seit 2000,2053,-0.11357684409319357,WWB,KKW50
Prozentuale Einsparung seit 2000,2054,-0.10964491106814245,WWB,KKW50
Prozentuale Einsparung seit 2000,2055,-0.1059746098454466,WWB,KKW50
Prozentuale Einsparung seit 2000,2056,-0.10171311093512303,WWB,KKW50
Prozentuale Einsparung seit 2000,2057,-0.09756237187630767,WWB,KKW50
Prozentuale Einsparung seit 2000,2058,-0.09503515898046488,WWB,KKW50
Prozentuale Einsparung seit 2000,2059,-0.09116175710153696,WWB,KKW50
Prozentuale Einsparung seit 2000,2060,-0.0881449854543791,WWB,KKW50
