sector,year,value,scenario,variant,unit
Haushalte,2000,206.8862938943584,ZERO-A,KKW50,PJ
Haushalte,2001,217.73287902497597,ZERO-A,KKW50,PJ
Haushalte,2002,211.25437521832563,ZERO-A,KKW50,PJ
Haushalte,2003,222.67047479300197,ZERO-A,KKW50,PJ
Haushalte,2004,223.67041139662925,ZERO-A,KKW50,PJ
Haushalte,2005,228.47966962862952,ZERO-A,KKW50,PJ
Haushalte,2006,221.77523709463748,ZERO-A,KKW50,PJ
Haushalte,2007,200.3872458775862,ZERO-A,KKW50,PJ
Haushalte,2008,214.71689925051618,ZERO-A,KKW50,PJ
Haushalte,2009,212.05127620992582,ZERO-A,KKW50,PJ
Haushalte,2010,231.05294460644777,ZERO-A,KKW50,PJ
Haushalte,2011,190.7750309873381,ZERO-A,KKW50,PJ
Haushalte,2012,209.57351864444723,ZERO-A,KKW50,PJ
Haushalte,2013,224.80763323338357,ZERO-A,KKW50,PJ
Haushalte,2014,183.00172359590593,ZERO-A,KKW50,PJ
Haushalte,2015,197.08177910470653,ZERO-A,KKW50,PJ
Haushalte,2016,205.6074571482051,ZERO-A,KKW50,PJ
Haushalte,2017,200.5335238736148,ZERO-A,KKW50,PJ
Haushalte,2018,187.45884704259862,ZERO-A,KKW50,PJ
Haushalte,2019,190.35828853752798,ZERO-A,KKW50,PJ
Haushalte,2020,200.65242866917458,ZERO-A,KKW50,PJ
Haushalte,2021,199.20705173653096,ZERO-A,KKW50,PJ
Haushalte,2022,197.86389199838152,ZERO-A,KKW50,PJ
Haushalte,2023,196.49928644331888,ZERO-A,KKW50,PJ
Haushalte,2024,195.18694703053393,ZERO-A,KKW50,PJ
Haushalte,2025,193.81570047015646,ZERO-A,KKW50,PJ
Haushalte,2026,192.42999514731767,ZERO-A,KKW50,PJ
Haushalte,2027,190.99009184611725,ZERO-A,KKW50,PJ
Haushalte,2028,189.59765941337452,ZERO-A,KKW50,PJ
Haushalte,2029,188.12845713227125,ZERO-A,KKW50,PJ
Haushalte,2030,186.62592683794946,ZERO-A,KKW50,PJ
Haushalte,2031,185.2039966367664,ZERO-A,KKW50,PJ
Haushalte,2032,183.72781779844652,ZERO-A,KKW50,PJ
Haushalte,2033,182.1760098306514,ZERO-A,KKW50,PJ
Haushalte,2034,180.59590348795786,ZERO-A,KKW50,PJ
Haushalte,2035,178.97514360688166,ZERO-A,KKW50,PJ
Haushalte,2036,177.44968207550218,ZERO-A,KKW50,PJ
Haushalte,2037,175.84924776895016,ZERO-A,KKW50,PJ
Haushalte,2038,174.21042465966846,ZERO-A,KKW50,PJ
Haushalte,2039,172.59324346525844,ZERO-A,KKW50,PJ
Haushalte,2040,170.95890920571736,ZERO-A,KKW50,PJ
Haushalte,2041,169.63091545537762,ZERO-A,KKW50,PJ
Haushalte,2042,168.33651522759212,ZERO-A,KKW50,PJ
Haushalte,2043,166.96858878528002,ZERO-A,KKW50,PJ
Haushalte,2044,165.63740478437873,ZERO-A,KKW50,PJ
Haushalte,2045,164.35817204381513,ZERO-A,KKW50,PJ
Haushalte,2046,163.13641423809725,ZERO-A,KKW50,PJ
Haushalte,2047,161.98184642030523,ZERO-A,KKW50,PJ
Haushalte,2048,160.9138424444994,ZERO-A,KKW50,PJ
Haushalte,2049,159.8795175612158,ZERO-A,KKW50,PJ
Haushalte,2050,158.9093192354363,ZERO-A,KKW50,PJ
Haushalte,2051,157.98513196206318,ZERO-A,KKW50,PJ
Haushalte,2052,157.17384982985166,ZERO-A,KKW50,PJ
Haushalte,2053,156.3873605716353,ZERO-A,KKW50,PJ
Haushalte,2054,155.64264924427437,ZERO-A,KKW50,PJ
Haushalte,2055,154.92942972231506,ZERO-A,KKW50,PJ
Haushalte,2056,154.19992393521136,ZERO-A,KKW50,PJ
Haushalte,2057,153.49264224007922,ZERO-A,KKW50,PJ
Haushalte,2058,152.80122791983717,ZERO-A,KKW50,PJ
Haushalte,2059,152.11190779135467,ZERO-A,KKW50,PJ
Haushalte,2060,151.39969703285314,ZERO-A,KKW50,PJ
Dienstleistungen,2000,115.9859762355612,ZERO-A,KKW50,PJ
Dienstleistungen,2001,121.55087785467813,ZERO-A,KKW50,PJ
Dienstleistungen,2002,116.1220801414748,ZERO-A,KKW50,PJ
Dienstleistungen,2003,122.11522384270853,ZERO-A,KKW50,PJ
Dienstleistungen,2004,120.90291558934572,ZERO-A,KKW50,PJ
Dienstleistungen,2005,125.10079974535174,ZERO-A,KKW50,PJ
Dienstleistungen,2006,121.96639683619918,ZERO-A,KKW50,PJ
Dienstleistungen,2007,113.25780795963458,ZERO-A,KKW50,PJ
Dienstleistungen,2008,119.71309016851586,ZERO-A,KKW50,PJ
Dienstleistungen,2009,118.18582507295802,ZERO-A,KKW50,PJ
Dienstleistungen,2010,126.83742725664017,ZERO-A,KKW50,PJ
Dienstleistungen,2011,110.66512858162753,ZERO-A,KKW50,PJ
Dienstleistungen,2012,118.83160454504556,ZERO-A,KKW50,PJ
Dienstleistungen,2013,125.62590768046651,ZERO-A,KKW50,PJ
Dienstleistungen,2014,106.7785608209546,ZERO-A,KKW50,PJ
Dienstleistungen,2015,114.36261118949355,ZERO-A,KKW50,PJ
Dienstleistungen,2016,118.54459259706974,ZERO-A,KKW50,PJ
Dienstleistungen,2017,116.75235639606913,ZERO-A,KKW50,PJ
Dienstleistungen,2018,110.5109405827351,ZERO-A,KKW50,PJ
Dienstleistungen,2019,111.60209468295542,ZERO-A,KKW50,PJ
Dienstleistungen,2020,110.82300154938655,ZERO-A,KKW50,PJ
Dienstleistungen,2021,108.32258667910641,ZERO-A,KKW50,PJ
Dienstleistungen,2022,105.74936765263736,ZERO-A,KKW50,PJ
Dienstleistungen,2023,103.28944931074064,ZERO-A,KKW50,PJ
Dienstleistungen,2024,100.89524955086452,ZERO-A,KKW50,PJ
Dienstleistungen,2025,98.69377179207447,ZERO-A,KKW50,PJ
Dienstleistungen,2026,96.555847682995,ZERO-A,KKW50,PJ
Dienstleistungen,2027,94.54057043523827,ZERO-A,KKW50,PJ
Dienstleistungen,2028,92.30513011276102,ZERO-A,KKW50,PJ
Dienstleistungen,2029,90.44168721415953,ZERO-A,KKW50,PJ
Dienstleistungen,2030,88.7108310689083,ZERO-A,KKW50,PJ
Dienstleistungen,2031,87.12526350756107,ZERO-A,KKW50,PJ
Dienstleistungen,2032,85.30092133721807,ZERO-A,KKW50,PJ
Dienstleistungen,2033,83.7836679142086,ZERO-A,KKW50,PJ
Dienstleistungen,2034,82.15304308404639,ZERO-A,KKW50,PJ
Dienstleistungen,2035,80.76171937116128,ZERO-A,KKW50,PJ
Dienstleistungen,2036,78.9748434794864,ZERO-A,KKW50,PJ
Dienstleistungen,2037,77.43369515788021,ZERO-A,KKW50,PJ
Dienstleistungen,2038,75.82817823239834,ZERO-A,KKW50,PJ
Dienstleistungen,2039,74.56717671941325,ZERO-A,KKW50,PJ
Dienstleistungen,2040,73.13024499474649,ZERO-A,KKW50,PJ
Dienstleistungen,2041,71.82631863196589,ZERO-A,KKW50,PJ
Dienstleistungen,2042,70.71665430978011,ZERO-A,KKW50,PJ
Dienstleistungen,2043,69.76932410788172,ZERO-A,KKW50,PJ
Dienstleistungen,2044,68.7934693652214,ZERO-A,KKW50,PJ
Dienstleistungen,2045,67.78850926624096,ZERO-A,KKW50,PJ
Dienstleistungen,2046,66.81506216563501,ZERO-A,KKW50,PJ
Dienstleistungen,2047,65.90992207648068,ZERO-A,KKW50,PJ
Dienstleistungen,2048,64.8940823753457,ZERO-A,KKW50,PJ
Dienstleistungen,2049,64.23744262402347,ZERO-A,KKW50,PJ
Dienstleistungen,2050,63.69551733458218,ZERO-A,KKW50,PJ
Dienstleistungen,2051,63.08246674872584,ZERO-A,KKW50,PJ
Dienstleistungen,2052,62.42058238965953,ZERO-A,KKW50,PJ
Dienstleistungen,2053,61.98959424154103,ZERO-A,KKW50,PJ
Dienstleistungen,2054,61.53467225339013,ZERO-A,KKW50,PJ
Dienstleistungen,2055,61.07705486802077,ZERO-A,KKW50,PJ
Dienstleistungen,2056,60.69767006124613,ZERO-A,KKW50,PJ
Dienstleistungen,2057,60.280897190665385,ZERO-A,KKW50,PJ
Dienstleistungen,2058,59.89164974853107,ZERO-A,KKW50,PJ
Dienstleistungen,2059,59.618315737251855,ZERO-A,KKW50,PJ
Dienstleistungen,2060,59.31533261240783,ZERO-A,KKW50,PJ
Landwirtschaft,2000,1.61890584965163,ZERO-A,KKW50,PJ
Landwirtschaft,2001,1.7344999864059467,ZERO-A,KKW50,PJ
Landwirtschaft,2002,1.6333790046826997,ZERO-A,KKW50,PJ
Landwirtschaft,2003,1.6317748118106243,ZERO-A,KKW50,PJ
Landwirtschaft,2004,1.624390883241371,ZERO-A,KKW50,PJ
Landwirtschaft,2005,1.6107444781677314,ZERO-A,KKW50,PJ
Landwirtschaft,2006,1.5263085229323685,ZERO-A,KKW50,PJ
Landwirtschaft,2007,1.4893649691770467,ZERO-A,KKW50,PJ
Landwirtschaft,2008,1.4792552039726021,ZERO-A,KKW50,PJ
Landwirtschaft,2009,1.4725302366542992,ZERO-A,KKW50,PJ
Landwirtschaft,2010,1.443334107347894,ZERO-A,KKW50,PJ
Landwirtschaft,2011,1.4613670086179962,ZERO-A,KKW50,PJ
Landwirtschaft,2012,1.4457867340495258,ZERO-A,KKW50,PJ
Landwirtschaft,2013,1.4137788083246292,ZERO-A,KKW50,PJ
Landwirtschaft,2014,1.4007996445201025,ZERO-A,KKW50,PJ
Landwirtschaft,2015,1.4036906359572137,ZERO-A,KKW50,PJ
Landwirtschaft,2016,1.4022557971958598,ZERO-A,KKW50,PJ
Landwirtschaft,2017,1.4273041814810394,ZERO-A,KKW50,PJ
Landwirtschaft,2018,1.4176997908002515,ZERO-A,KKW50,PJ
Landwirtschaft,2019,1.3798221307342318,ZERO-A,KKW50,PJ
Landwirtschaft,2020,1.402481130998092,ZERO-A,KKW50,PJ
Landwirtschaft,2021,1.381870800414714,ZERO-A,KKW50,PJ
Landwirtschaft,2022,1.3610695676133142,ZERO-A,KKW50,PJ
Landwirtschaft,2023,1.3328429155649166,ZERO-A,KKW50,PJ
Landwirtschaft,2024,1.3068059261669966,ZERO-A,KKW50,PJ
Landwirtschaft,2025,1.2818271985041685,ZERO-A,KKW50,PJ
Landwirtschaft,2026,1.2489210290057602,ZERO-A,KKW50,PJ
Landwirtschaft,2027,1.2117395904241952,ZERO-A,KKW50,PJ
Landwirtschaft,2028,1.1728472840892292,ZERO-A,KKW50,PJ
Landwirtschaft,2029,1.1337417411444901,ZERO-A,KKW50,PJ
Landwirtschaft,2030,1.0957396592633897,ZERO-A,KKW50,PJ
Landwirtschaft,2031,1.0553775849832712,ZERO-A,KKW50,PJ
Landwirtschaft,2032,1.0165328232813047,ZERO-A,KKW50,PJ
Landwirtschaft,2033,0.9750237610723302,ZERO-A,KKW50,PJ
Landwirtschaft,2034,0.9336279873314021,ZERO-A,KKW50,PJ
Landwirtschaft,2035,0.892342371086039,ZERO-A,KKW50,PJ
Landwirtschaft,2036,0.8749972479214749,ZERO-A,KKW50,PJ
Landwirtschaft,2037,0.857317598400062,ZERO-A,KKW50,PJ
Landwirtschaft,2038,0.8389299017030938,ZERO-A,KKW50,PJ
Landwirtschaft,2039,0.8284054675654222,ZERO-A,KKW50,PJ
Landwirtschaft,2040,0.8153149652623203,ZERO-A,KKW50,PJ
Landwirtschaft,2041,0.8055171512020409,ZERO-A,KKW50,PJ
Landwirtschaft,2042,0.7921251554874171,ZERO-A,KKW50,PJ
Landwirtschaft,2043,0.7818547570469145,ZERO-A,KKW50,PJ
Landwirtschaft,2044,0.7730968883613029,ZERO-A,KKW50,PJ
Landwirtschaft,2045,0.768334190293179,ZERO-A,KKW50,PJ
Landwirtschaft,2046,0.7571347809242703,ZERO-A,KKW50,PJ
Landwirtschaft,2047,0.7462710434119239,ZERO-A,KKW50,PJ
Landwirtschaft,2048,0.7373576801168551,ZERO-A,KKW50,PJ
Landwirtschaft,2049,0.7281516297617737,ZERO-A,KKW50,PJ
Landwirtschaft,2050,0.7198714178028359,ZERO-A,KKW50,PJ
Landwirtschaft,2051,0.7108721692546879,ZERO-A,KKW50,PJ
Landwirtschaft,2052,0.7006676136667035,ZERO-A,KKW50,PJ
Landwirtschaft,2053,0.6944144299621361,ZERO-A,KKW50,PJ
Landwirtschaft,2054,0.6885464716598475,ZERO-A,KKW50,PJ
Landwirtschaft,2055,0.6821559768878303,ZERO-A,KKW50,PJ
Landwirtschaft,2056,0.6766860253538283,ZERO-A,KKW50,PJ
Landwirtschaft,2057,0.6709384687707065,ZERO-A,KKW50,PJ
Landwirtschaft,2058,0.6666045853550863,ZERO-A,KKW50,PJ
Landwirtschaft,2059,0.6619818506469284,ZERO-A,KKW50,PJ
Landwirtschaft,2060,0.6577829471608935,ZERO-A,KKW50,PJ
Industrie,2000,28.723632854295257,ZERO-A,KKW50,PJ
Industrie,2001,32.77523971112771,ZERO-A,KKW50,PJ
Industrie,2002,28.335509663481652,ZERO-A,KKW50,PJ
Industrie,2003,32.6771534299779,ZERO-A,KKW50,PJ
Industrie,2004,31.617514175588827,ZERO-A,KKW50,PJ
Industrie,2005,32.24397859974667,ZERO-A,KKW50,PJ
Industrie,2006,32.41455560331978,ZERO-A,KKW50,PJ
Industrie,2007,27.412570059787143,ZERO-A,KKW50,PJ
Industrie,2008,31.22356116631412,ZERO-A,KKW50,PJ
Industrie,2009,33.052563451432036,ZERO-A,KKW50,PJ
Industrie,2010,36.94426917847713,ZERO-A,KKW50,PJ
Industrie,2011,27.587538375755408,ZERO-A,KKW50,PJ
Industrie,2012,30.05475898057665,ZERO-A,KKW50,PJ
Industrie,2013,33.99008813532693,ZERO-A,KKW50,PJ
Industrie,2014,24.087028254677147,ZERO-A,KKW50,PJ
Industrie,2015,27.40788426821094,ZERO-A,KKW50,PJ
Industrie,2016,30.0795386607376,ZERO-A,KKW50,PJ
Industrie,2017,28.9602867904686,ZERO-A,KKW50,PJ
Industrie,2018,24.831141822426446,ZERO-A,KKW50,PJ
Industrie,2019,26.360915532231537,ZERO-A,KKW50,PJ
Industrie,2020,26.243011498624984,ZERO-A,KKW50,PJ
Industrie,2021,25.479001803958962,ZERO-A,KKW50,PJ
Industrie,2022,24.76972911438132,ZERO-A,KKW50,PJ
Industrie,2023,24.112210681056116,ZERO-A,KKW50,PJ
Industrie,2024,23.492323635062508,ZERO-A,KKW50,PJ
Industrie,2025,22.906969872851104,ZERO-A,KKW50,PJ
Industrie,2026,22.348389974218943,ZERO-A,KKW50,PJ
Industrie,2027,21.813506802374608,ZERO-A,KKW50,PJ
Industrie,2028,21.298235570571656,ZERO-A,KKW50,PJ
Industrie,2029,20.79899321572144,ZERO-A,KKW50,PJ
Industrie,2030,20.31831908357201,ZERO-A,KKW50,PJ
Industrie,2031,19.847265869395486,ZERO-A,KKW50,PJ
Industrie,2032,19.384918665888,ZERO-A,KKW50,PJ
Industrie,2033,18.93093742710665,ZERO-A,KKW50,PJ
Industrie,2034,18.48742672583911,ZERO-A,KKW50,PJ
Industrie,2035,18.05471943093715,ZERO-A,KKW50,PJ
Industrie,2036,17.626084489598473,ZERO-A,KKW50,PJ
Industrie,2037,17.218505733917038,ZERO-A,KKW50,PJ
Industrie,2038,16.82405480148934,ZERO-A,KKW50,PJ
Industrie,2039,16.440912506464432,ZERO-A,KKW50,PJ
Industrie,2040,16.06976920051203,ZERO-A,KKW50,PJ
Industrie,2041,15.704027873514871,ZERO-A,KKW50,PJ
Industrie,2042,15.347668120837143,ZERO-A,KKW50,PJ
Industrie,2043,14.999244594751582,ZERO-A,KKW50,PJ
Industrie,2044,14.657826585273321,ZERO-A,KKW50,PJ
Industrie,2045,14.32377630912107,ZERO-A,KKW50,PJ
Industrie,2046,13.994050714972015,ZERO-A,KKW50,PJ
Industrie,2047,13.670824412501554,ZERO-A,KKW50,PJ
Industrie,2048,13.353105801092532,ZERO-A,KKW50,PJ
Industrie,2049,13.040157868523222,ZERO-A,KKW50,PJ
Industrie,2050,12.732794482231194,ZERO-A,KKW50,PJ
Industrie,2051,12.431395221331588,ZERO-A,KKW50,PJ
Industrie,2052,12.137540443462113,ZERO-A,KKW50,PJ
Industrie,2053,11.849889674637414,ZERO-A,KKW50,PJ
Industrie,2054,11.567701854396562,ZERO-A,KKW50,PJ
Industrie,2055,11.289659632004227,ZERO-A,KKW50,PJ
Industrie,2056,11.014980936217196,ZERO-A,KKW50,PJ
Industrie,2057,10.742220596214882,ZERO-A,KKW50,PJ
Industrie,2058,10.471072851114455,ZERO-A,KKW50,PJ
Industrie,2059,10.200592871144497,ZERO-A,KKW50,PJ
Industrie,2060,9.93025109446873,ZERO-A,KKW50,PJ
Summe,2000,353.21480883386647,ZERO-A,KKW50,PJ
Summe,2001,373.79349657718774,ZERO-A,KKW50,PJ
Summe,2002,357.3453440279648,ZERO-A,KKW50,PJ
Summe,2003,379.094626877499,ZERO-A,KKW50,PJ
Summe,2004,377.81523204480516,ZERO-A,KKW50,PJ
Summe,2005,387.43519245189566,ZERO-A,KKW50,PJ
Summe,2006,377.6824980570888,ZERO-A,KKW50,PJ
Summe,2007,342.54698886618496,ZERO-A,KKW50,PJ
Summe,2008,367.1328057893188,ZERO-A,KKW50,PJ
Summe,2009,364.76219497097014,ZERO-A,KKW50,PJ
Summe,2010,396.2779751489129,ZERO-A,KKW50,PJ
Summe,2011,330.48906495333904,ZERO-A,KKW50,PJ
Summe,2012,359.90566890411895,ZERO-A,KKW50,PJ
Summe,2013,385.83740785750166,ZERO-A,KKW50,PJ
Summe,2014,315.26811231605774,ZERO-A,KKW50,PJ
Summe,2015,340.2559651983682,ZERO-A,KKW50,PJ
Summe,2016,355.6338442032083,ZERO-A,KKW50,PJ
Summe,2017,347.6734712416336,ZERO-A,KKW50,PJ
Summe,2018,324.2186292385604,ZERO-A,KKW50,PJ
Summe,2019,329.7011208834492,ZERO-A,KKW50,PJ
Summe,2020,339.1209228481842,ZERO-A,KKW50,PJ
Summe,2021,334.39051102001105,ZERO-A,KKW50,PJ
Summe,2022,329.7440583330135,ZERO-A,KKW50,PJ
Summe,2023,325.2337893506806,ZERO-A,KKW50,PJ
Summe,2024,320.8813261426279,ZERO-A,KKW50,PJ
Summe,2025,316.6982693335862,ZERO-A,KKW50,PJ
Summe,2026,312.5831538335374,ZERO-A,KKW50,PJ
Summe,2027,308.5559086741543,ZERO-A,KKW50,PJ
Summe,2028,304.3738723807964,ZERO-A,KKW50,PJ
Summe,2029,300.5028793032967,ZERO-A,KKW50,PJ
Summe,2030,296.7508166496932,ZERO-A,KKW50,PJ
Summe,2031,293.2319035987062,ZERO-A,KKW50,PJ
Summe,2032,289.43019062483387,ZERO-A,KKW50,PJ
Summe,2033,285.865638933039,ZERO-A,KKW50,PJ
Summe,2034,282.17000128517475,ZERO-A,KKW50,PJ
Summe,2035,278.68392478006615,ZERO-A,KKW50,PJ
Summe,2036,274.9256072925086,ZERO-A,KKW50,PJ
Summe,2037,271.3587662591475,ZERO-A,KKW50,PJ
Summe,2038,267.70158759525924,ZERO-A,KKW50,PJ
Summe,2039,264.4297381587016,ZERO-A,KKW50,PJ
Summe,2040,260.9742383662382,ZERO-A,KKW50,PJ
Summe,2041,257.96677911206046,ZERO-A,KKW50,PJ
Summe,2042,255.1929628136968,ZERO-A,KKW50,PJ
Summe,2043,252.51901224496024,ZERO-A,KKW50,PJ
Summe,2044,249.86179762323474,ZERO-A,KKW50,PJ
Summe,2045,247.23879180947034,ZERO-A,KKW50,PJ
Summe,2046,244.70266189962857,ZERO-A,KKW50,PJ
Summe,2047,242.3088639526994,ZERO-A,KKW50,PJ
Summe,2048,239.8983883010545,ZERO-A,KKW50,PJ
Summe,2049,237.88526968352429,ZERO-A,KKW50,PJ
Summe,2050,236.0575024700525,ZERO-A,KKW50,PJ
Summe,2051,234.2098661013753,ZERO-A,KKW50,PJ
Summe,2052,232.43264027664,ZERO-A,KKW50,PJ
Summe,2053,230.92125891777587,ZERO-A,KKW50,PJ
Summe,2054,229.4335698237209,ZERO-A,KKW50,PJ
Summe,2055,227.9783001992279,ZERO-A,KKW50,PJ
Summe,2056,226.58926095802852,ZERO-A,KKW50,PJ
Summe,2057,225.1866984957302,ZERO-A,KKW50,PJ
Summe,2058,223.8305551048378,ZERO-A,KKW50,PJ
Summe,2059,222.59279825039795,ZERO-A,KKW50,PJ
Summe,2060,221.3030636868906,ZERO-A,KKW50,PJ
Haushalte,2000,206.8862938943584,ZERO-C,KKW50,PJ
Haushalte,2001,217.73287902497594,ZERO-C,KKW50,PJ
Haushalte,2002,211.25437521832563,ZERO-C,KKW50,PJ
Haushalte,2003,222.67047479300197,ZERO-C,KKW50,PJ
Haushalte,2004,223.67041139662928,ZERO-C,KKW50,PJ
Haushalte,2005,228.47966962862952,ZERO-C,KKW50,PJ
Haushalte,2006,221.77523709463753,ZERO-C,KKW50,PJ
Haushalte,2007,200.38724587758614,ZERO-C,KKW50,PJ
Haushalte,2008,214.71689925051618,ZERO-C,KKW50,PJ
Haushalte,2009,212.05127620992587,ZERO-C,KKW50,PJ
Haushalte,2010,231.05294460644777,ZERO-C,KKW50,PJ
Haushalte,2011,190.7750309873381,ZERO-C,KKW50,PJ
Haushalte,2012,209.57351864444723,ZERO-C,KKW50,PJ
Haushalte,2013,224.8076332333835,ZERO-C,KKW50,PJ
Haushalte,2014,183.00172359590596,ZERO-C,KKW50,PJ
Haushalte,2015,197.0817791047065,ZERO-C,KKW50,PJ
Haushalte,2016,205.60745714820507,ZERO-C,KKW50,PJ
Haushalte,2017,200.53352387361477,ZERO-C,KKW50,PJ
Haushalte,2018,187.45884704259862,ZERO-C,KKW50,PJ
Haushalte,2019,190.35828853752798,ZERO-C,KKW50,PJ
Haushalte,2020,200.65242866917455,ZERO-C,KKW50,PJ
Haushalte,2021,199.18580853665833,ZERO-C,KKW50,PJ
Haushalte,2022,197.81115768021584,ZERO-C,KKW50,PJ
Haushalte,2023,196.3873218094573,ZERO-C,KKW50,PJ
Haushalte,2024,195.02534208549295,ZERO-C,KKW50,PJ
Haushalte,2025,193.57748139648697,ZERO-C,KKW50,PJ
Haushalte,2026,192.14398879094892,ZERO-C,KKW50,PJ
Haushalte,2027,190.6564080202838,ZERO-C,KKW50,PJ
Haushalte,2028,189.24494614347523,ZERO-C,KKW50,PJ
Haushalte,2029,187.76524830450674,ZERO-C,KKW50,PJ
Haushalte,2030,186.2633704446468,ZERO-C,KKW50,PJ
Haushalte,2031,184.85908629565023,ZERO-C,KKW50,PJ
Haushalte,2032,183.41122683980362,ZERO-C,KKW50,PJ
Haushalte,2033,181.8924902708042,ZERO-C,KKW50,PJ
Haushalte,2034,180.36759104673948,ZERO-C,KKW50,PJ
Haushalte,2035,178.805402381068,ZERO-C,KKW50,PJ
Haushalte,2036,177.35686367484823,ZERO-C,KKW50,PJ
Haushalte,2037,175.84781891276265,ZERO-C,KKW50,PJ
Haushalte,2038,174.3058106176639,ZERO-C,KKW50,PJ
Haushalte,2039,172.7916978867224,ZERO-C,KKW50,PJ
Haushalte,2040,171.27583840576602,ZERO-C,KKW50,PJ
Haushalte,2041,170.0202744999866,ZERO-C,KKW50,PJ
Haushalte,2042,168.80448994702076,ZERO-C,KKW50,PJ
Haushalte,2043,167.54405498571242,ZERO-C,KKW50,PJ
Haushalte,2044,166.3178212236125,ZERO-C,KKW50,PJ
Haushalte,2045,165.1448940895818,ZERO-C,KKW50,PJ
Haushalte,2046,164.05084259993174,ZERO-C,KKW50,PJ
Haushalte,2047,163.0225147830017,ZERO-C,KKW50,PJ
Haushalte,2048,162.06042383686284,ZERO-C,KKW50,PJ
Haushalte,2049,161.12496818205895,ZERO-C,KKW50,PJ
Haushalte,2050,160.24511197916678,ZERO-C,KKW50,PJ
Haushalte,2051,159.41154885009223,ZERO-C,KKW50,PJ
Haushalte,2052,158.6677167723438,ZERO-C,KKW50,PJ
Haushalte,2053,157.93329596831387,ZERO-C,KKW50,PJ
Haushalte,2054,157.2341580717501,ZERO-C,KKW50,PJ
Haushalte,2055,156.55295989718007,ZERO-C,KKW50,PJ
Haushalte,2056,155.85487824316408,ZERO-C,KKW50,PJ
Haushalte,2057,155.18089071028487,ZERO-C,KKW50,PJ
Haushalte,2058,154.51316735495558,ZERO-C,KKW50,PJ
Haushalte,2059,153.85738063450836,ZERO-C,KKW50,PJ
Haushalte,2060,153.17403227340372,ZERO-C,KKW50,PJ
Dienstleistungen,2000,115.98597623556122,ZERO-C,KKW50,PJ
Dienstleistungen,2001,121.55087785467816,ZERO-C,KKW50,PJ
Dienstleistungen,2002,116.1220801414748,ZERO-C,KKW50,PJ
Dienstleistungen,2003,122.11522384270855,ZERO-C,KKW50,PJ
Dienstleistungen,2004,120.90291558934574,ZERO-C,KKW50,PJ
Dienstleistungen,2005,125.10079974535168,ZERO-C,KKW50,PJ
Dienstleistungen,2006,121.9663968361992,ZERO-C,KKW50,PJ
Dienstleistungen,2007,113.2578079596346,ZERO-C,KKW50,PJ
Dienstleistungen,2008,119.71309016851588,ZERO-C,KKW50,PJ
Dienstleistungen,2009,118.18582507295801,ZERO-C,KKW50,PJ
Dienstleistungen,2010,126.83742725664014,ZERO-C,KKW50,PJ
Dienstleistungen,2011,110.66512858162751,ZERO-C,KKW50,PJ
Dienstleistungen,2012,118.83160454504558,ZERO-C,KKW50,PJ
Dienstleistungen,2013,125.62590768046647,ZERO-C,KKW50,PJ
Dienstleistungen,2014,106.77856082095462,ZERO-C,KKW50,PJ
Dienstleistungen,2015,114.36261118949355,ZERO-C,KKW50,PJ
Dienstleistungen,2016,118.54459259706974,ZERO-C,KKW50,PJ
Dienstleistungen,2017,116.75235639606913,ZERO-C,KKW50,PJ
Dienstleistungen,2018,110.51094058273509,ZERO-C,KKW50,PJ
Dienstleistungen,2019,111.60209468295544,ZERO-C,KKW50,PJ
Dienstleistungen,2020,110.45426164004627,ZERO-C,KKW50,PJ
Dienstleistungen,2021,107.96640000040567,ZERO-C,KKW50,PJ
Dienstleistungen,2022,105.29174991350979,ZERO-C,KKW50,PJ
Dienstleistungen,2023,102.6851723997764,ZERO-C,KKW50,PJ
Dienstleistungen,2024,100.15927239509855,ZERO-C,KKW50,PJ
Dienstleistungen,2025,97.93117158105375,ZERO-C,KKW50,PJ
Dienstleistungen,2026,95.49186008846539,ZERO-C,KKW50,PJ
Dienstleistungen,2027,93.30142244948739,ZERO-C,KKW50,PJ
Dienstleistungen,2028,90.97256524157459,ZERO-C,KKW50,PJ
Dienstleistungen,2029,89.11589323806417,ZERO-C,KKW50,PJ
Dienstleistungen,2030,87.33223946566504,ZERO-C,KKW50,PJ
Dienstleistungen,2031,85.81328411126508,ZERO-C,KKW50,PJ
Dienstleistungen,2032,84.05069767109401,ZERO-C,KKW50,PJ
Dienstleistungen,2033,82.47138180278594,ZERO-C,KKW50,PJ
Dienstleistungen,2034,80.87761713585611,ZERO-C,KKW50,PJ
Dienstleistungen,2035,79.32972399569174,ZERO-C,KKW50,PJ
Dienstleistungen,2036,77.50941925406191,ZERO-C,KKW50,PJ
Dienstleistungen,2037,75.97724054962946,ZERO-C,KKW50,PJ
Dienstleistungen,2038,74.3288898231246,ZERO-C,KKW50,PJ
Dienstleistungen,2039,72.98662396052039,ZERO-C,KKW50,PJ
Dienstleistungen,2040,71.64164568803085,ZERO-C,KKW50,PJ
Dienstleistungen,2041,70.27228306221555,ZERO-C,KKW50,PJ
Dienstleistungen,2042,69.1501542846575,ZERO-C,KKW50,PJ
Dienstleistungen,2043,68.0745245086192,ZERO-C,KKW50,PJ
Dienstleistungen,2044,66.99136938553531,ZERO-C,KKW50,PJ
Dienstleistungen,2045,66.01542908157792,ZERO-C,KKW50,PJ
Dienstleistungen,2046,64.99292497543397,ZERO-C,KKW50,PJ
Dienstleistungen,2047,64.0712803436264,ZERO-C,KKW50,PJ
Dienstleistungen,2048,63.048822021971354,ZERO-C,KKW50,PJ
Dienstleistungen,2049,62.38514828628997,ZERO-C,KKW50,PJ
Dienstleistungen,2050,61.83796071024825,ZERO-C,KKW50,PJ
Dienstleistungen,2051,60.997116573630514,ZERO-C,KKW50,PJ
Dienstleistungen,2052,60.33901224012313,ZERO-C,KKW50,PJ
Dienstleistungen,2053,59.94301346278497,ZERO-C,KKW50,PJ
Dienstleistungen,2054,59.42377289555408,ZERO-C,KKW50,PJ
Dienstleistungen,2055,58.96835609818882,ZERO-C,KKW50,PJ
Dienstleistungen,2056,58.65158313499573,ZERO-C,KKW50,PJ
Dienstleistungen,2057,58.16326048560471,ZERO-C,KKW50,PJ
Dienstleistungen,2058,57.83855021828102,ZERO-C,KKW50,PJ
Dienstleistungen,2059,57.465566074656614,ZERO-C,KKW50,PJ
Dienstleistungen,2060,57.27998706846441,ZERO-C,KKW50,PJ
Landwirtschaft,2000,1.61890584965163,ZERO-C,KKW50,PJ
Landwirtschaft,2001,1.7344999864059467,ZERO-C,KKW50,PJ
Landwirtschaft,2002,1.6333790046826997,ZERO-C,KKW50,PJ
Landwirtschaft,2003,1.6317748118106243,ZERO-C,KKW50,PJ
Landwirtschaft,2004,1.6243908832413707,ZERO-C,KKW50,PJ
Landwirtschaft,2005,1.6107444781677311,ZERO-C,KKW50,PJ
Landwirtschaft,2006,1.5263085229323685,ZERO-C,KKW50,PJ
Landwirtschaft,2007,1.4893646912492657,ZERO-C,KKW50,PJ
Landwirtschaft,2008,1.4792548944124972,ZERO-C,KKW50,PJ
Landwirtschaft,2009,1.4725298903019612,ZERO-C,KKW50,PJ
Landwirtschaft,2010,1.4433336569404376,ZERO-C,KKW50,PJ
Landwirtschaft,2011,1.4613968999951599,ZERO-C,KKW50,PJ
Landwirtschaft,2012,1.4458281133705406,ZERO-C,KKW50,PJ
Landwirtschaft,2013,1.41381330890786,ZERO-C,KKW50,PJ
Landwirtschaft,2014,1.4008348662997483,ZERO-C,KKW50,PJ
Landwirtschaft,2015,1.4037295016352973,ZERO-C,KKW50,PJ
Landwirtschaft,2016,1.4023242059738898,ZERO-C,KKW50,PJ
Landwirtschaft,2017,1.4273756422145625,ZERO-C,KKW50,PJ
Landwirtschaft,2018,1.4177674298958105,ZERO-C,KKW50,PJ
Landwirtschaft,2019,1.3798913033837248,ZERO-C,KKW50,PJ
Landwirtschaft,2020,1.4019266054733996,ZERO-C,KKW50,PJ
Landwirtschaft,2021,1.3785263110163524,ZERO-C,KKW50,PJ
Landwirtschaft,2022,1.3568493692636625,ZERO-C,KKW50,PJ
Landwirtschaft,2023,1.3290416371869975,ZERO-C,KKW50,PJ
Landwirtschaft,2024,1.3016839684008525,ZERO-C,KKW50,PJ
Landwirtschaft,2025,1.2734237807335376,ZERO-C,KKW50,PJ
Landwirtschaft,2026,1.2386491033255156,ZERO-C,KKW50,PJ
Landwirtschaft,2027,1.2004826261642991,ZERO-C,KKW50,PJ
Landwirtschaft,2028,1.1615577543522781,ZERO-C,KKW50,PJ
Landwirtschaft,2029,1.1237105982248112,ZERO-C,KKW50,PJ
Landwirtschaft,2030,1.0846516644398145,ZERO-C,KKW50,PJ
Landwirtschaft,2031,1.0432854975832817,ZERO-C,KKW50,PJ
Landwirtschaft,2032,1.0031559473419636,ZERO-C,KKW50,PJ
Landwirtschaft,2033,0.9607375923345853,ZERO-C,KKW50,PJ
Landwirtschaft,2034,0.9193283682951917,ZERO-C,KKW50,PJ
Landwirtschaft,2035,0.8779586409847887,ZERO-C,KKW50,PJ
Landwirtschaft,2036,0.8597203563851773,ZERO-C,KKW50,PJ
Landwirtschaft,2037,0.8439084408039339,ZERO-C,KKW50,PJ
Landwirtschaft,2038,0.8263051473812023,ZERO-C,KKW50,PJ
Landwirtschaft,2039,0.8124886354812592,ZERO-C,KKW50,PJ
Landwirtschaft,2040,0.799713409303878,ZERO-C,KKW50,PJ
Landwirtschaft,2041,0.7904098079291164,ZERO-C,KKW50,PJ
Landwirtschaft,2042,0.7797322678574781,ZERO-C,KKW50,PJ
Landwirtschaft,2043,0.7690443393947334,ZERO-C,KKW50,PJ
Landwirtschaft,2044,0.760587649550093,ZERO-C,KKW50,PJ
Landwirtschaft,2045,0.7506705818203667,ZERO-C,KKW50,PJ
Landwirtschaft,2046,0.7446753115294691,ZERO-C,KKW50,PJ
Landwirtschaft,2047,0.7333719227484641,ZERO-C,KKW50,PJ
Landwirtschaft,2048,0.7246710992947276,ZERO-C,KKW50,PJ
Landwirtschaft,2049,0.7165910150111421,ZERO-C,KKW50,PJ
Landwirtschaft,2050,0.7089204265960124,ZERO-C,KKW50,PJ
Landwirtschaft,2051,0.7004625287621318,ZERO-C,KKW50,PJ
Landwirtschaft,2052,0.6920462418351406,ZERO-C,KKW50,PJ
Landwirtschaft,2053,0.6858695004472203,ZERO-C,KKW50,PJ
Landwirtschaft,2054,0.6811508972127559,ZERO-C,KKW50,PJ
Landwirtschaft,2055,0.6771853988855657,ZERO-C,KKW50,PJ
Landwirtschaft,2056,0.6730329068226161,ZERO-C,KKW50,PJ
Landwirtschaft,2057,0.6692841246176048,ZERO-C,KKW50,PJ
Landwirtschaft,2058,0.6648396996359726,ZERO-C,KKW50,PJ
Landwirtschaft,2059,0.6588052112997502,ZERO-C,KKW50,PJ
Landwirtschaft,2060,0.6525249853276985,ZERO-C,KKW50,PJ
Industrie,2000,28.723632854295253,ZERO-C,KKW50,PJ
Industrie,2001,32.775239711127725,ZERO-C,KKW50,PJ
Industrie,2002,28.33550966348166,ZERO-C,KKW50,PJ
Industrie,2003,32.67715342997789,ZERO-C,KKW50,PJ
Industrie,2004,31.617514175588827,ZERO-C,KKW50,PJ
Industrie,2005,32.24397859974668,ZERO-C,KKW50,PJ
Industrie,2006,32.41455560331976,ZERO-C,KKW50,PJ
Industrie,2007,27.412570059787146,ZERO-C,KKW50,PJ
Industrie,2008,31.22356116631413,ZERO-C,KKW50,PJ
Industrie,2009,33.052563451432036,ZERO-C,KKW50,PJ
Industrie,2010,36.94426917847711,ZERO-C,KKW50,PJ
Industrie,2011,27.587538375755415,ZERO-C,KKW50,PJ
Industrie,2012,30.05475898057665,ZERO-C,KKW50,PJ
Industrie,2013,33.99008813532692,ZERO-C,KKW50,PJ
Industrie,2014,24.087028254677147,ZERO-C,KKW50,PJ
Industrie,2015,27.407884268210935,ZERO-C,KKW50,PJ
Industrie,2016,30.079538660737605,ZERO-C,KKW50,PJ
Industrie,2017,28.960286790468594,ZERO-C,KKW50,PJ
Industrie,2018,24.833192960528354,ZERO-C,KKW50,PJ
Industrie,2019,26.36637656864235,ZERO-C,KKW50,PJ
Industrie,2020,26.243011498625,ZERO-C,KKW50,PJ
Industrie,2021,25.479001803958962,ZERO-C,KKW50,PJ
Industrie,2022,24.769729114381317,ZERO-C,KKW50,PJ
Industrie,2023,24.112210681056105,ZERO-C,KKW50,PJ
Industrie,2024,23.49232363506251,ZERO-C,KKW50,PJ
Industrie,2025,22.90696987285111,ZERO-C,KKW50,PJ
Industrie,2026,22.34838997421893,ZERO-C,KKW50,PJ
Industrie,2027,21.813506802374622,ZERO-C,KKW50,PJ
Industrie,2028,21.298235570571663,ZERO-C,KKW50,PJ
Industrie,2029,20.79899321572144,ZERO-C,KKW50,PJ
Industrie,2030,20.31831908357201,ZERO-C,KKW50,PJ
Industrie,2031,19.847265869395493,ZERO-C,KKW50,PJ
Industrie,2032,19.384918665887984,ZERO-C,KKW50,PJ
Industrie,2033,18.930937427106656,ZERO-C,KKW50,PJ
Industrie,2034,18.48742672583911,ZERO-C,KKW50,PJ
Industrie,2035,18.054719430937148,ZERO-C,KKW50,PJ
Industrie,2036,17.62608448959848,ZERO-C,KKW50,PJ
Industrie,2037,17.21850573391703,ZERO-C,KKW50,PJ
Industrie,2038,16.824054801489332,ZERO-C,KKW50,PJ
Industrie,2039,16.440912506464432,ZERO-C,KKW50,PJ
Industrie,2040,16.06976920051203,ZERO-C,KKW50,PJ
Industrie,2041,15.704027873514873,ZERO-C,KKW50,PJ
Industrie,2042,15.347668120837143,ZERO-C,KKW50,PJ
Industrie,2043,14.999244594751586,ZERO-C,KKW50,PJ
Industrie,2044,14.657826585273316,ZERO-C,KKW50,PJ
Industrie,2045,14.323776309121074,ZERO-C,KKW50,PJ
Industrie,2046,13.994050714972015,ZERO-C,KKW50,PJ
Industrie,2047,13.670824412501553,ZERO-C,KKW50,PJ
Industrie,2048,13.353105801092532,ZERO-C,KKW50,PJ
Industrie,2049,13.040157868523231,ZERO-C,KKW50,PJ
Industrie,2050,12.732794482231188,ZERO-C,KKW50,PJ
Industrie,2051,12.43139522133159,ZERO-C,KKW50,PJ
Industrie,2052,12.137540443462111,ZERO-C,KKW50,PJ
Industrie,2053,11.849889674637412,ZERO-C,KKW50,PJ
Industrie,2054,11.567701854396566,ZERO-C,KKW50,PJ
Industrie,2055,11.289659632004224,ZERO-C,KKW50,PJ
Industrie,2056,11.014980936217196,ZERO-C,KKW50,PJ
Industrie,2057,10.742220596214887,ZERO-C,KKW50,PJ
Industrie,2058,10.471072851114455,ZERO-C,KKW50,PJ
Industrie,2059,10.200592871144497,ZERO-C,KKW50,PJ
Industrie,2060,9.930251094468726,ZERO-C,KKW50,PJ
Summe,2000,353.2148088338665,ZERO-C,KKW50,PJ
Summe,2001,373.79349657718774,ZERO-C,KKW50,PJ
Summe,2002,357.3453440279648,ZERO-C,KKW50,PJ
Summe,2003,379.09462687749897,ZERO-C,KKW50,PJ
Summe,2004,377.8152320448052,ZERO-C,KKW50,PJ
Summe,2005,387.4351924518956,ZERO-C,KKW50,PJ
Summe,2006,377.6824980570888,ZERO-C,KKW50,PJ
Summe,2007,342.54698858825714,ZERO-C,KKW50,PJ
Summe,2008,367.1328054797587,ZERO-C,KKW50,PJ
Summe,2009,364.7621946246179,ZERO-C,KKW50,PJ
Summe,2010,396.27797469850543,ZERO-C,KKW50,PJ
Summe,2011,330.4890948447162,ZERO-C,KKW50,PJ
Summe,2012,359.90571028344004,ZERO-C,KKW50,PJ
Summe,2013,385.83744235808473,ZERO-C,KKW50,PJ
Summe,2014,315.2681475378375,ZERO-C,KKW50,PJ
Summe,2015,340.2560040640463,ZERO-C,KKW50,PJ
Summe,2016,355.6339126119863,ZERO-C,KKW50,PJ
Summe,2017,347.67354270236706,ZERO-C,KKW50,PJ
Summe,2018,324.2207480157579,ZERO-C,KKW50,PJ
Summe,2019,329.7066510925095,ZERO-C,KKW50,PJ
Summe,2020,338.7516284133192,ZERO-C,KKW50,PJ
Summe,2021,334.0097366520393,ZERO-C,KKW50,PJ
Summe,2022,329.2294860773706,ZERO-C,KKW50,PJ
Summe,2023,324.5137465274768,ZERO-C,KKW50,PJ
Summe,2024,319.9786220840549,ZERO-C,KKW50,PJ
Summe,2025,315.68904663112534,ZERO-C,KKW50,PJ
Summe,2026,311.2228879569588,ZERO-C,KKW50,PJ
Summe,2027,306.97181989831006,ZERO-C,KKW50,PJ
Summe,2028,302.6773047099737,ZERO-C,KKW50,PJ
Summe,2029,298.8038453565172,ZERO-C,KKW50,PJ
Summe,2030,294.9985806583237,ZERO-C,KKW50,PJ
Summe,2031,291.56292177389406,ZERO-C,KKW50,PJ
Summe,2032,287.8499991241276,ZERO-C,KKW50,PJ
Summe,2033,284.25554709303134,ZERO-C,KKW50,PJ
Summe,2034,280.6519632767299,ZERO-C,KKW50,PJ
Summe,2035,277.06780444868167,ZERO-C,KKW50,PJ
Summe,2036,273.3520877748938,ZERO-C,KKW50,PJ
Summe,2037,269.8874736371131,ZERO-C,KKW50,PJ
Summe,2038,266.285060389659,ZERO-C,KKW50,PJ
Summe,2039,263.0317229891885,ZERO-C,KKW50,PJ
Summe,2040,259.7869667036128,ZERO-C,KKW50,PJ
Summe,2041,256.7869952436461,ZERO-C,KKW50,PJ
Summe,2042,254.08204462037287,ZERO-C,KKW50,PJ
Summe,2043,251.38686842847795,ZERO-C,KKW50,PJ
Summe,2044,248.72760484397122,ZERO-C,KKW50,PJ
Summe,2045,246.2347700621012,ZERO-C,KKW50,PJ
Summe,2046,243.7824936018672,ZERO-C,KKW50,PJ
Summe,2047,241.49799146187812,ZERO-C,KKW50,PJ
Summe,2048,239.18702275922146,ZERO-C,KKW50,PJ
Summe,2049,237.2668653518833,ZERO-C,KKW50,PJ
Summe,2050,235.52478759824223,ZERO-C,KKW50,PJ
Summe,2051,233.54052317381647,ZERO-C,KKW50,PJ
Summe,2052,231.83631569776418,ZERO-C,KKW50,PJ
Summe,2053,230.41206860618345,ZERO-C,KKW50,PJ
Summe,2054,228.90678371891352,ZERO-C,KKW50,PJ
Summe,2055,227.4881610262587,ZERO-C,KKW50,PJ
Summe,2056,226.19447522119964,ZERO-C,KKW50,PJ
Summe,2057,224.75565591672208,ZERO-C,KKW50,PJ
Summe,2058,223.48763012398703,ZERO-C,KKW50,PJ
Summe,2059,222.1823447916092,ZERO-C,KKW50,PJ
Summe,2060,221.03679542166455,ZERO-C,KKW50,PJ
Haushalte,2000,206.90522800335125,WWB,KKW50,PJ
Haushalte,2001,217.75244620035437,WWB,KKW50,PJ
Haushalte,2002,211.2730330944129,WWB,KKW50,PJ
Haushalte,2003,222.68991167795355,WWB,KKW50,PJ
Haushalte,2004,223.68980351394174,WWB,KKW50,PJ
Haushalte,2005,228.49950424508458,WWB,KKW50,PJ
Haushalte,2006,221.79423197640736,WWB,KKW50,PJ
Haushalte,2007,200.4041074796915,WWB,KKW50,PJ
Haushalte,2008,214.73436390051984,WWB,KKW50,PJ
Haushalte,2009,212.0670711217699,WWB,KKW50,PJ
Haushalte,2010,231.06866775269197,WWB,KKW50,PJ
Haushalte,2011,190.78627234452256,WWB,KKW50,PJ
Haushalte,2012,209.58349739986514,WWB,KKW50,PJ
Haushalte,2013,224.81602773140852,WWB,KKW50,PJ
Haushalte,2014,183.0066702989056,WWB,KKW50,PJ
Haushalte,2015,197.08567281389165,WWB,KKW50,PJ
Haushalte,2016,205.61077591771627,WWB,KKW50,PJ
Haushalte,2017,200.53571677256082,WWB,KKW50,PJ
Haushalte,2018,187.46010890044008,WWB,KKW50,PJ
Haushalte,2019,190.38045630781988,WWB,KKW50,PJ
Haushalte,2020,200.5998272773,WWB,KKW50,PJ
Haushalte,2021,199.22792902381505,WWB,KKW50,PJ
Haushalte,2022,197.9995172972927,WWB,KKW50,PJ
Haushalte,2023,196.78550369346266,WWB,KKW50,PJ
Haushalte,2024,195.6854614307776,WWB,KKW50,PJ
Haushalte,2025,194.5975164594676,WWB,KKW50,PJ
Haushalte,2026,193.56606806356956,WWB,KKW50,PJ
Haushalte,2027,192.54269227757482,WWB,KKW50,PJ
Haushalte,2028,191.630968696893,WWB,KKW50,PJ
Haushalte,2029,190.69010501746612,WWB,KKW50,PJ
Haushalte,2030,189.78523546904322,WWB,KKW50,PJ
Haushalte,2031,188.90863866844066,WWB,KKW50,PJ
Haushalte,2032,188.0195695638278,WWB,KKW50,PJ
Haushalte,2033,187.08652821767288,WWB,KKW50,PJ
Haushalte,2034,186.1580871464813,WWB,KKW50,PJ
Haushalte,2035,185.20030696365433,WWB,KKW50,PJ
Haushalte,2036,184.24239684828945,WWB,KKW50,PJ
Haushalte,2037,183.20601591179127,WWB,KKW50,PJ
Haushalte,2038,182.14192514497952,WWB,KKW50,PJ
Haushalte,2039,181.06917243579468,WWB,KKW50,PJ
Haushalte,2040,179.98493088787416,WWB,KKW50,PJ
Haushalte,2041,179.09461099670204,WWB,KKW50,PJ
Haushalte,2042,178.2227359455293,WWB,KKW50,PJ
Haushalte,2043,177.30195134820468,WWB,KKW50,PJ
Haushalte,2044,176.40607483465288,WWB,KKW50,PJ
Haushalte,2045,175.52948831218757,WWB,KKW50,PJ
Haushalte,2046,174.71442607891015,WWB,KKW50,PJ
Haushalte,2047,173.9257622268469,WWB,KKW50,PJ
Haushalte,2048,173.16085888346657,WWB,KKW50,PJ
Haushalte,2049,172.3932300010354,WWB,KKW50,PJ
Haushalte,2050,171.667119158927,WWB,KKW50,PJ
Haushalte,2051,171.01149251517637,WWB,KKW50,PJ
Haushalte,2052,170.34714605104986,WWB,KKW50,PJ
Haushalte,2053,169.7189988773683,WWB,KKW50,PJ
Haushalte,2054,169.14157202074276,WWB,KKW50,PJ
Haushalte,2055,168.56926388308887,WWB,KKW50,PJ
Haushalte,2056,167.96655732352122,WWB,KKW50,PJ
Haushalte,2057,167.37361383940367,WWB,KKW50,PJ
Haushalte,2058,166.78850682081034,WWB,KKW50,PJ
Haushalte,2059,166.20553713880497,WWB,KKW50,PJ
Haushalte,2060,165.59211079405628,WWB,KKW50,PJ
Dienstleistungen,2000,115.90836426529043,WWB,KKW50,PJ
Dienstleistungen,2001,121.5528376790866,WWB,KKW50,PJ
Dienstleistungen,2002,116.12423410614292,WWB,KKW50,PJ
Dienstleistungen,2003,122.11750823139522,WWB,KKW50,PJ
Dienstleistungen,2004,120.90081156362164,WWB,KKW50,PJ
Dienstleistungen,2005,125.098321961919,WWB,KKW50,PJ
Dienstleistungen,2006,121.93644668104501,WWB,KKW50,PJ
Dienstleistungen,2007,113.2351935233804,WWB,KKW50,PJ
Dienstleistungen,2008,119.67642324999456,WWB,KKW50,PJ
Dienstleistungen,2009,118.11488304296647,WWB,KKW50,PJ
Dienstleistungen,2010,126.76098314102221,WWB,KKW50,PJ
Dienstleistungen,2011,110.58756438898172,WWB,KKW50,PJ
Dienstleistungen,2012,118.73361729993027,WWB,KKW50,PJ
Dienstleistungen,2013,125.49371111085972,WWB,KKW50,PJ
Dienstleistungen,2014,106.64447996862322,WWB,KKW50,PJ
Dienstleistungen,2015,114.21643509092526,WWB,KKW50,PJ
Dienstleistungen,2016,118.40739994433515,WWB,KKW50,PJ
Dienstleistungen,2017,116.6056312843021,WWB,KKW50,PJ
Dienstleistungen,2018,110.35996736250631,WWB,KKW50,PJ
Dienstleistungen,2019,111.43250085719245,WWB,KKW50,PJ
Dienstleistungen,2020,110.87546098088569,WWB,KKW50,PJ
Dienstleistungen,2021,109.6240288220656,WWB,KKW50,PJ
Dienstleistungen,2022,108.31216311271366,WWB,KKW50,PJ
Dienstleistungen,2023,107.1094168007136,WWB,KKW50,PJ
Dienstleistungen,2024,105.96285520651952,WWB,KKW50,PJ
Dienstleistungen,2025,104.73671113972395,WWB,KKW50,PJ
Dienstleistungen,2026,103.34147590977031,WWB,KKW50,PJ
Dienstleistungen,2027,101.98220876365727,WWB,KKW50,PJ
Dienstleistungen,2028,100.89382331365702,WWB,KKW50,PJ
Dienstleistungen,2029,99.8503495633697,WWB,KKW50,PJ
Dienstleistungen,2030,98.86795300559797,WWB,KKW50,PJ
Dienstleistungen,2031,97.9905660902993,WWB,KKW50,PJ
Dienstleistungen,2032,97.0685625842774,WWB,KKW50,PJ
Dienstleistungen,2033,96.28122537569399,WWB,KKW50,PJ
Dienstleistungen,2034,95.52649697688054,WWB,KKW50,PJ
Dienstleistungen,2035,94.9150800848771,WWB,KKW50,PJ
Dienstleistungen,2036,94.05440412422439,WWB,KKW50,PJ
Dienstleistungen,2037,93.33912505372071,WWB,KKW50,PJ
Dienstleistungen,2038,92.51037752552307,WWB,KKW50,PJ
Dienstleistungen,2039,91.80516233412736,WWB,KKW50,PJ
Dienstleistungen,2040,90.96424200690028,WWB,KKW50,PJ
Dienstleistungen,2041,89.90738945992524,WWB,KKW50,PJ
Dienstleistungen,2042,88.8636076711255,WWB,KKW50,PJ
Dienstleistungen,2043,87.77398467565361,WWB,KKW50,PJ
Dienstleistungen,2044,86.80017004816094,WWB,KKW50,PJ
Dienstleistungen,2045,85.79122487621855,WWB,KKW50,PJ
Dienstleistungen,2046,84.78698068706247,WWB,KKW50,PJ
Dienstleistungen,2047,83.71246563427542,WWB,KKW50,PJ
Dienstleistungen,2048,82.6921200482795,WWB,KKW50,PJ
Dienstleistungen,2049,81.997169971857,WWB,KKW50,PJ
Dienstleistungen,2050,81.29799268839537,WWB,KKW50,PJ
Dienstleistungen,2051,80.3627365270473,WWB,KKW50,PJ
Dienstleistungen,2052,79.57522055082418,WWB,KKW50,PJ
Dienstleistungen,2053,79.12177417742578,WWB,KKW50,PJ
Dienstleistungen,2054,78.6549920232946,WWB,KKW50,PJ
Dienstleistungen,2055,78.09693985660917,WWB,KKW50,PJ
Dienstleistungen,2056,77.63936072380648,WWB,KKW50,PJ
Dienstleistungen,2057,77.21384610695847,WWB,KKW50,PJ
Dienstleistungen,2058,76.81701323856774,WWB,KKW50,PJ
Dienstleistungen,2059,76.41464579660914,WWB,KKW50,PJ
Dienstleistungen,2060,75.95101638237551,WWB,KKW50,PJ
Landwirtschaft,2000,1.6149267845846875,WWB,KKW50,PJ
Landwirtschaft,2001,1.7276126770243887,WWB,KKW50,PJ
Landwirtschaft,2002,1.628542561080466,WWB,KKW50,PJ
Landwirtschaft,2003,1.6269740125647942,WWB,KKW50,PJ
Landwirtschaft,2004,1.6201102629493664,WWB,KKW50,PJ
Landwirtschaft,2005,1.6077827708894632,WWB,KKW50,PJ
Landwirtschaft,2006,1.5244134504013316,WWB,KKW50,PJ
Landwirtschaft,2007,1.4881793889645187,WWB,KKW50,PJ
Landwirtschaft,2008,1.478278236044037,WWB,KKW50,PJ
Landwirtschaft,2009,1.47156185884463,WWB,KKW50,PJ
Landwirtschaft,2010,1.4421906593886875,WWB,KKW50,PJ
Landwirtschaft,2011,1.4611493523555272,WWB,KKW50,PJ
Landwirtschaft,2012,1.4455944455134064,WWB,KKW50,PJ
Landwirtschaft,2013,1.4134838974014998,WWB,KKW50,PJ
Landwirtschaft,2014,1.4002633717114383,WWB,KKW50,PJ
Landwirtschaft,2015,1.40276257724927,WWB,KKW50,PJ
Landwirtschaft,2016,1.4009410812519756,WWB,KKW50,PJ
Landwirtschaft,2017,1.4284181938457399,WWB,KKW50,PJ
Landwirtschaft,2018,1.418603684779649,WWB,KKW50,PJ
Landwirtschaft,2019,1.3800648253984407,WWB,KKW50,PJ
Landwirtschaft,2020,1.4219559256098913,WWB,KKW50,PJ
Landwirtschaft,2021,1.4187840407887646,WWB,KKW50,PJ
Landwirtschaft,2022,1.4176390693113594,WWB,KKW50,PJ
Landwirtschaft,2023,1.4142454451754585,WWB,KKW50,PJ
Landwirtschaft,2024,1.4122152083930608,WWB,KKW50,PJ
Landwirtschaft,2025,1.4126135786747878,WWB,KKW50,PJ
Landwirtschaft,2026,1.4036959263790025,WWB,KKW50,PJ
Landwirtschaft,2027,1.3950643997871588,WWB,KKW50,PJ
Landwirtschaft,2028,1.384552645527827,WWB,KKW50,PJ
Landwirtschaft,2029,1.3739936555466117,WWB,KKW50,PJ
Landwirtschaft,2030,1.3624895999740503,WWB,KKW50,PJ
Landwirtschaft,2031,1.3494723416571655,WWB,KKW50,PJ
Landwirtschaft,2032,1.333510751823065,WWB,KKW50,PJ
Landwirtschaft,2033,1.3217760909234952,WWB,KKW50,PJ
Landwirtschaft,2034,1.3072280948742492,WWB,KKW50,PJ
Landwirtschaft,2035,1.2947025845336313,WWB,KKW50,PJ
Landwirtschaft,2036,1.2862715440547314,WWB,KKW50,PJ
Landwirtschaft,2037,1.2786933557751816,WWB,KKW50,PJ
Landwirtschaft,2038,1.2686888173505848,WWB,KKW50,PJ
Landwirtschaft,2039,1.260885028265294,WWB,KKW50,PJ
Landwirtschaft,2040,1.249472951552081,WWB,KKW50,PJ
Landwirtschaft,2041,1.2385545211108182,WWB,KKW50,PJ
Landwirtschaft,2042,1.226663308936125,WWB,KKW50,PJ
Landwirtschaft,2043,1.2138803111329228,WWB,KKW50,PJ
Landwirtschaft,2044,1.2031624488643378,WWB,KKW50,PJ
Landwirtschaft,2045,1.192944038965942,WWB,KKW50,PJ
Landwirtschaft,2046,1.1806299014355208,WWB,KKW50,PJ
Landwirtschaft,2047,1.1658994778287766,WWB,KKW50,PJ
Landwirtschaft,2048,1.1516803114075367,WWB,KKW50,PJ
Landwirtschaft,2049,1.1392074681842093,WWB,KKW50,PJ
Landwirtschaft,2050,1.1259316788793345,WWB,KKW50,PJ
Landwirtschaft,2051,1.1192061082276457,WWB,KKW50,PJ
Landwirtschaft,2052,1.1119835428740044,WWB,KKW50,PJ
Landwirtschaft,2053,1.1091120767204594,WWB,KKW50,PJ
Landwirtschaft,2054,1.1039568287571897,WWB,KKW50,PJ
Landwirtschaft,2055,1.0971829262689605,WWB,KKW50,PJ
Landwirtschaft,2056,1.0936006370603562,WWB,KKW50,PJ
Landwirtschaft,2057,1.0927261803629094,WWB,KKW50,PJ
Landwirtschaft,2058,1.0895261365594453,WWB,KKW50,PJ
Landwirtschaft,2059,1.0855350068141727,WWB,KKW50,PJ
Landwirtschaft,2060,1.0823014448772619,WWB,KKW50,PJ
Industrie,2000,28.72363285429526,WWB,KKW50,PJ
Industrie,2001,32.77523971112772,WWB,KKW50,PJ
Industrie,2002,28.335509663481655,WWB,KKW50,PJ
Industrie,2003,32.67715342997792,WWB,KKW50,PJ
Industrie,2004,31.617514175588813,WWB,KKW50,PJ
Industrie,2005,32.24397859974668,WWB,KKW50,PJ
Industrie,2006,32.414555603319776,WWB,KKW50,PJ
Industrie,2007,27.412570059787136,WWB,KKW50,PJ
Industrie,2008,31.22356116631413,WWB,KKW50,PJ
Industrie,2009,33.052563451432036,WWB,KKW50,PJ
Industrie,2010,36.9442691784771,WWB,KKW50,PJ
Industrie,2011,27.58753837575542,WWB,KKW50,PJ
Industrie,2012,30.05475898057665,WWB,KKW50,PJ
Industrie,2013,33.99008813532693,WWB,KKW50,PJ
Industrie,2014,24.087028254677143,WWB,KKW50,PJ
Industrie,2015,27.407884268210935,WWB,KKW50,PJ
Industrie,2016,30.07953866073761,WWB,KKW50,PJ
Industrie,2017,28.960286790468576,WWB,KKW50,PJ
Industrie,2018,24.841295656981167,WWB,KKW50,PJ
Industrie,2019,26.37412303902896,WWB,KKW50,PJ
Industrie,2020,26.243011498624988,WWB,KKW50,PJ
Industrie,2021,25.699238469208865,WWB,KKW50,PJ
Industrie,2022,25.200025117290576,WWB,KKW50,PJ
Industrie,2023,24.74345728972179,WWB,KKW50,PJ
Industrie,2024,24.316054252475656,WWB,KKW50,PJ
Industrie,2025,23.91535273344895,WWB,KKW50,PJ
Industrie,2026,23.533917449605156,WWB,KKW50,PJ
Industrie,2027,23.169007255579118,WWB,KKW50,PJ
Industrie,2028,22.816721077861473,WWB,KKW50,PJ
Industrie,2029,22.473575769221817,WWB,KKW50,PJ
Industrie,2030,22.142632007140627,WWB,KKW50,PJ
Industrie,2031,21.814453867512547,WWB,KKW50,PJ
Industrie,2032,21.488177680448313,WWB,KKW50,PJ
Industrie,2033,21.163525760501074,WWB,KKW50,PJ
Industrie,2034,20.842929952007097,WWB,KKW50,PJ
Industrie,2035,20.526948711801538,WWB,KKW50,PJ
Industrie,2036,20.20820350648055,WWB,KKW50,PJ
Industrie,2037,19.90581408810339,WWB,KKW50,PJ
Industrie,2038,19.611303732502606,WWB,KKW50,PJ
Industrie,2039,19.322799338393487,WWB,KKW50,PJ
Industrie,2040,19.041332357368237,WWB,KKW50,PJ
Industrie,2041,18.759311852212882,WWB,KKW50,PJ
Industrie,2042,18.481550554886777,WWB,KKW50,PJ
Industrie,2043,18.206480726974934,WWB,KKW50,PJ
Industrie,2044,17.933101734181108,WWB,KKW50,PJ
Industrie,2045,17.661965696822616,WWB,KKW50,PJ
Industrie,2046,17.389463289721554,WWB,KKW50,PJ
Industrie,2047,17.118330170253586,WWB,KKW50,PJ
Industrie,2048,16.847453861045985,WWB,KKW50,PJ
Industrie,2049,16.575973333973902,WWB,KKW50,PJ
Industrie,2050,16.304996738903643,WWB,KKW50,PJ
Industrie,2051,16.035088975954203,WWB,KKW50,PJ
Industrie,2052,15.768402032720791,WWB,KKW50,PJ
Industrie,2053,15.50335215587626,WWB,KKW50,PJ
Industrie,2054,15.23911340600484,WWB,KKW50,PJ
Industrie,2055,14.974050177050474,WWB,KKW50,PJ
Industrie,2056,14.707199716429258,WWB,KKW50,PJ
Industrie,2057,14.436674437751043,WWB,KKW50,PJ
Industrie,2058,14.162078025241042,WWB,KKW50,PJ
Industrie,2059,13.882104350521011,WWB,KKW50,PJ
Industrie,2060,13.595984489303016,WWB,KKW50,PJ
Summe,2000,353.1521519075216,WWB,KKW50,PJ
Summe,2001,373.80813626759306,WWB,KKW50,PJ
Summe,2002,357.3613194251179,WWB,KKW50,PJ
Summe,2003,379.1115473518915,WWB,KKW50,PJ
Summe,2004,377.8282395161016,WWB,KKW50,PJ
Summe,2005,387.4495875776397,WWB,KKW50,PJ
Summe,2006,377.66964771117347,WWB,KKW50,PJ
Summe,2007,342.54005045182356,WWB,KKW50,PJ
Summe,2008,367.1126265528726,WWB,KKW50,PJ
Summe,2009,364.70607947501304,WWB,KKW50,PJ
Summe,2010,396.21611073158,WWB,KKW50,PJ
Summe,2011,330.4225244616152,WWB,KKW50,PJ
Summe,2012,359.81746812588545,WWB,KKW50,PJ
Summe,2013,385.71331087499664,WWB,KKW50,PJ
Summe,2014,315.1384418939174,WWB,KKW50,PJ
Summe,2015,340.11275475027713,WWB,KKW50,PJ
Summe,2016,355.498655604041,WWB,KKW50,PJ
Summe,2017,347.5300530411772,WWB,KKW50,PJ
Summe,2018,324.0799756047072,WWB,KKW50,PJ
Summe,2019,329.56714502943976,WWB,KKW50,PJ
Summe,2020,339.14025568242056,WWB,KKW50,PJ
Summe,2021,335.96998035587825,WWB,KKW50,PJ
Summe,2022,332.9293445966083,WWB,KKW50,PJ
Summe,2023,330.05262322907356,WWB,KKW50,PJ
Summe,2024,327.37658609816583,WWB,KKW50,PJ
Summe,2025,324.6621939113153,WWB,KKW50,PJ
Summe,2026,321.84515734932404,WWB,KKW50,PJ
Summe,2027,319.0889726965983,WWB,KKW50,PJ
Summe,2028,316.7260657339393,WWB,KKW50,PJ
Summe,2029,314.3880240056043,WWB,KKW50,PJ
Summe,2030,312.1583100817558,WWB,KKW50,PJ
Summe,2031,310.06313096790973,WWB,KKW50,PJ
Summe,2032,307.9098205803765,WWB,KKW50,PJ
Summe,2033,305.8530554447914,WWB,KKW50,PJ
Summe,2034,303.8347421702432,WWB,KKW50,PJ
Summe,2035,301.9370383448666,WWB,KKW50,PJ
Summe,2036,299.79127602304914,WWB,KKW50,PJ
Summe,2037,297.72964840939056,WWB,KKW50,PJ
Summe,2038,295.5322952203558,WWB,KKW50,PJ
Summe,2039,293.45801913658084,WWB,KKW50,PJ
Summe,2040,291.23997820369476,WWB,KKW50,PJ
Summe,2041,288.999866829951,WWB,KKW50,PJ
Summe,2042,286.7945574804777,WWB,KKW50,PJ
Summe,2043,284.4962970619661,WWB,KKW50,PJ
Summe,2044,282.3425090658593,WWB,KKW50,PJ
Summe,2045,280.17562292419467,WWB,KKW50,PJ
Summe,2046,278.0714999571297,WWB,KKW50,PJ
Summe,2047,275.9224575092047,WWB,KKW50,PJ
Summe,2048,273.8521131041996,WWB,KKW50,PJ
Summe,2049,272.1055807750505,WWB,KKW50,PJ
Summe,2050,270.39604026510534,WWB,KKW50,PJ
Summe,2051,268.5285241264055,WWB,KKW50,PJ
Summe,2052,266.80275217746885,WWB,KKW50,PJ
Summe,2053,265.45323728739083,WWB,KKW50,PJ
Summe,2054,264.1396342787994,WWB,KKW50,PJ
Summe,2055,262.73743684301746,WWB,KKW50,PJ
Summe,2056,261.4067184008173,WWB,KKW50,PJ
Summe,2057,260.1168605644761,WWB,KKW50,PJ
Summe,2058,258.85712422117854,WWB,KKW50,PJ
Summe,2059,257.5878222927493,WWB,KKW50,PJ
Summe,2060,256.22141311061205,WWB,KKW50,PJ
Haushalte,2000,206.8862938943584,ZERO-Basis,KKW50,PJ
Haushalte,2001,217.73287902497597,ZERO-Basis,KKW50,PJ
Haushalte,2002,211.25437521832563,ZERO-Basis,KKW50,PJ
Haushalte,2003,222.67047479300197,ZERO-Basis,KKW50,PJ
Haushalte,2004,223.67041139662925,ZERO-Basis,KKW50,PJ
Haushalte,2005,228.47966962862952,ZERO-Basis,KKW50,PJ
Haushalte,2006,221.77523699008478,ZERO-Basis,KKW50,PJ
Haushalte,2007,200.38724586462433,ZERO-Basis,KKW50,PJ
Haushalte,2008,214.71689910856753,ZERO-Basis,KKW50,PJ
Haushalte,2009,212.05127590317153,ZERO-Basis,KKW50,PJ
Haushalte,2010,231.0529440122491,ZERO-Basis,KKW50,PJ
Haushalte,2011,190.7750297168448,ZERO-Basis,KKW50,PJ
Haushalte,2012,209.57351672598267,ZERO-Basis,KKW50,PJ
Haushalte,2013,224.80762990670618,ZERO-Basis,KKW50,PJ
Haushalte,2014,183.00172138926573,ZERO-Basis,KKW50,PJ
Haushalte,2015,197.08176748466036,ZERO-Basis,KKW50,PJ
Haushalte,2016,205.60749132618798,ZERO-Basis,KKW50,PJ
Haushalte,2017,200.5335851898445,ZERO-Basis,KKW50,PJ
Haushalte,2018,187.4589401517252,ZERO-Basis,KKW50,PJ
Haushalte,2019,190.35842932212134,ZERO-Basis,KKW50,PJ
Haushalte,2020,200.65241206759364,ZERO-Basis,KKW50,PJ
Haushalte,2021,199.1941460257473,ZERO-Basis,KKW50,PJ
Haushalte,2022,197.83461845611868,ZERO-Basis,KKW50,PJ
Haushalte,2023,196.43250153645656,ZERO-Basis,KKW50,PJ
Haushalte,2024,195.05975751649433,ZERO-Basis,KKW50,PJ
Haushalte,2025,193.60390643255408,ZERO-Basis,KKW50,PJ
Haushalte,2026,192.15796332226344,ZERO-Basis,KKW50,PJ
Haushalte,2027,190.64724361159224,ZERO-Basis,KKW50,PJ
Haushalte,2028,189.21838425562754,ZERO-Basis,KKW50,PJ
Haushalte,2029,187.70636890012975,ZERO-Basis,KKW50,PJ
Haushalte,2030,186.1705891011324,ZERO-Basis,KKW50,PJ
Haushalte,2031,184.719860010446,ZERO-Basis,KKW50,PJ
Haushalte,2032,183.23004927649836,ZERO-Basis,KKW50,PJ
Haushalte,2033,181.66487628694875,ZERO-Basis,KKW50,PJ
Haushalte,2034,180.08895083117218,ZERO-Basis,KKW50,PJ
Haushalte,2035,178.4692190268196,ZERO-Basis,KKW50,PJ
Haushalte,2036,176.95284207508442,ZERO-Basis,KKW50,PJ
Haushalte,2037,175.36550224761476,ZERO-Basis,KKW50,PJ
Haushalte,2038,173.75733707806643,ZERO-Basis,KKW50,PJ
Haushalte,2039,172.16962120923984,ZERO-Basis,KKW50,PJ
Haushalte,2040,170.57214491227904,ZERO-Basis,KKW50,PJ
Haushalte,2041,169.2615824762334,ZERO-Basis,KKW50,PJ
Haushalte,2042,167.992018184186,ZERO-Basis,KKW50,PJ
Haushalte,2043,166.65938781069696,ZERO-Basis,KKW50,PJ
Haushalte,2044,165.37038230609218,ZERO-Basis,KKW50,PJ
Haushalte,2045,164.13997082607432,ZERO-Basis,KKW50,PJ
Haushalte,2046,162.96854680971958,ZERO-Basis,KKW50,PJ
Haushalte,2047,161.86817985013982,ZERO-Basis,KKW50,PJ
Haushalte,2048,160.842256288292,ZERO-Basis,KKW50,PJ
Haushalte,2049,159.84782888598895,ZERO-Basis,KKW50,PJ
Haushalte,2050,158.938264782717,ZERO-Basis,KKW50,PJ
Haushalte,2051,158.07229120109648,ZERO-Basis,KKW50,PJ
Haushalte,2052,157.29921259149538,ZERO-Basis,KKW50,PJ
Haushalte,2053,156.54238894342768,ZERO-Basis,KKW50,PJ
Haushalte,2054,155.82570848659665,ZERO-Basis,KKW50,PJ
Haushalte,2055,155.13187746560084,ZERO-Basis,KKW50,PJ
Haushalte,2056,154.43243178944616,ZERO-Basis,KKW50,PJ
Haushalte,2057,153.74430986990922,ZERO-Basis,KKW50,PJ
Haushalte,2058,153.0588047524043,ZERO-Basis,KKW50,PJ
Haushalte,2059,152.38992864889337,ZERO-Basis,KKW50,PJ
Haushalte,2060,151.6994567702492,ZERO-Basis,KKW50,PJ
Dienstleistungen,2000,115.98597623556121,ZERO-Basis,KKW50,PJ
Dienstleistungen,2001,121.55087785467815,ZERO-Basis,KKW50,PJ
Dienstleistungen,2002,116.12208014147478,ZERO-Basis,KKW50,PJ
Dienstleistungen,2003,122.11522384270853,ZERO-Basis,KKW50,PJ
Dienstleistungen,2004,120.90291558934574,ZERO-Basis,KKW50,PJ
Dienstleistungen,2005,125.10079974535172,ZERO-Basis,KKW50,PJ
Dienstleistungen,2006,121.96639683943877,ZERO-Basis,KKW50,PJ
Dienstleistungen,2007,113.25780796163971,ZERO-Basis,KKW50,PJ
Dienstleistungen,2008,119.71309017570397,ZERO-Basis,KKW50,PJ
Dienstleistungen,2009,118.18582508585789,ZERO-Basis,KKW50,PJ
Dienstleistungen,2010,126.83742728298022,ZERO-Basis,KKW50,PJ
Dienstleistungen,2011,110.66512861791259,ZERO-Basis,KKW50,PJ
Dienstleistungen,2012,118.83160460633235,ZERO-Basis,KKW50,PJ
Dienstleistungen,2013,125.62590779069032,ZERO-Basis,KKW50,PJ
Dienstleistungen,2014,106.77856088851631,ZERO-Basis,KKW50,PJ
Dienstleistungen,2015,114.36261146634546,ZERO-Basis,KKW50,PJ
Dienstleistungen,2016,118.5445928208348,ZERO-Basis,KKW50,PJ
Dienstleistungen,2017,116.75235673431717,ZERO-Basis,KKW50,PJ
Dienstleistungen,2018,110.51094076789919,ZERO-Basis,KKW50,PJ
Dienstleistungen,2019,111.60209486680523,ZERO-Basis,KKW50,PJ
Dienstleistungen,2020,110.55505905812895,ZERO-Basis,KKW50,PJ
Dienstleistungen,2021,108.04377588132711,ZERO-Basis,KKW50,PJ
Dienstleistungen,2022,105.28583411677629,ZERO-Basis,KKW50,PJ
Dienstleistungen,2023,102.76558527675334,ZERO-Basis,KKW50,PJ
Dienstleistungen,2024,100.69410366459952,ZERO-Basis,KKW50,PJ
Dienstleistungen,2025,98.44670196439374,ZERO-Basis,KKW50,PJ
Dienstleistungen,2026,96.4028050213275,ZERO-Basis,KKW50,PJ
Dienstleistungen,2027,94.59107333862733,ZERO-Basis,KKW50,PJ
Dienstleistungen,2028,92.44279568170045,ZERO-Basis,KKW50,PJ
Dienstleistungen,2029,90.6309040119868,ZERO-Basis,KKW50,PJ
Dienstleistungen,2030,88.89486242607981,ZERO-Basis,KKW50,PJ
Dienstleistungen,2031,87.48602158353825,ZERO-Basis,KKW50,PJ
Dienstleistungen,2032,85.76381083916739,ZERO-Basis,KKW50,PJ
Dienstleistungen,2033,84.30428431622556,ZERO-Basis,KKW50,PJ
Dienstleistungen,2034,82.61781598891612,ZERO-Basis,KKW50,PJ
Dienstleistungen,2035,81.20894731566723,ZERO-Basis,KKW50,PJ
Dienstleistungen,2036,79.40988446202358,ZERO-Basis,KKW50,PJ
Dienstleistungen,2037,77.85466508490235,ZERO-Basis,KKW50,PJ
Dienstleistungen,2038,76.3081206558459,ZERO-Basis,KKW50,PJ
Dienstleistungen,2039,75.07151578219502,ZERO-Basis,KKW50,PJ
Dienstleistungen,2040,73.73410540978433,ZERO-Basis,KKW50,PJ
Dienstleistungen,2041,72.45157121389664,ZERO-Basis,KKW50,PJ
Dienstleistungen,2042,71.24629851328496,ZERO-Basis,KKW50,PJ
Dienstleistungen,2043,70.19772275458824,ZERO-Basis,KKW50,PJ
Dienstleistungen,2044,69.15770053916721,ZERO-Basis,KKW50,PJ
Dienstleistungen,2045,68.21388945963805,ZERO-Basis,KKW50,PJ
Dienstleistungen,2046,67.30371113574799,ZERO-Basis,KKW50,PJ
Dienstleistungen,2047,66.33603400937834,ZERO-Basis,KKW50,PJ
Dienstleistungen,2048,65.37772007824064,ZERO-Basis,KKW50,PJ
Dienstleistungen,2049,64.6053879972631,ZERO-Basis,KKW50,PJ
Dienstleistungen,2050,63.88009734241245,ZERO-Basis,KKW50,PJ
Dienstleistungen,2051,63.05655312128961,ZERO-Basis,KKW50,PJ
Dienstleistungen,2052,62.430308396301584,ZERO-Basis,KKW50,PJ
Dienstleistungen,2053,61.91176953202543,ZERO-Basis,KKW50,PJ
Dienstleistungen,2054,61.395492213373934,ZERO-Basis,KKW50,PJ
Dienstleistungen,2055,60.96416000761214,ZERO-Basis,KKW50,PJ
Dienstleistungen,2056,60.52813058884204,ZERO-Basis,KKW50,PJ
Dienstleistungen,2057,59.993770980858876,ZERO-Basis,KKW50,PJ
Dienstleistungen,2058,59.623272379205545,ZERO-Basis,KKW50,PJ
Dienstleistungen,2059,59.338347416944494,ZERO-Basis,KKW50,PJ
Dienstleistungen,2060,59.00798384142499,ZERO-Basis,KKW50,PJ
Landwirtschaft,2000,1.6187607820681935,ZERO-Basis,KKW50,PJ
Landwirtschaft,2001,1.7292302900977836,ZERO-Basis,KKW50,PJ
Landwirtschaft,2002,1.630139034293828,ZERO-Basis,KKW50,PJ
Landwirtschaft,2003,1.6292004830222944,ZERO-Basis,KKW50,PJ
Landwirtschaft,2004,1.622562211844141,ZERO-Basis,KKW50,PJ
Landwirtschaft,2005,1.6104180933960186,ZERO-Basis,KKW50,PJ
Landwirtschaft,2006,1.5268852105993744,ZERO-Basis,KKW50,PJ
Landwirtschaft,2007,1.4903262560244162,ZERO-Basis,KKW50,PJ
Landwirtschaft,2008,1.4801995357704647,ZERO-Basis,KKW50,PJ
Landwirtschaft,2009,1.473463833964553,ZERO-Basis,KKW50,PJ
Landwirtschaft,2010,1.4443463304016624,ZERO-Basis,KKW50,PJ
Landwirtschaft,2011,1.4630991427057554,ZERO-Basis,KKW50,PJ
Landwirtschaft,2012,1.4475354035053019,ZERO-Basis,KKW50,PJ
Landwirtschaft,2013,1.4155781093448132,ZERO-Basis,KKW50,PJ
Landwirtschaft,2014,1.4022932779648973,ZERO-Basis,KKW50,PJ
Landwirtschaft,2015,1.4054627639675368,ZERO-Basis,KKW50,PJ
Landwirtschaft,2016,1.4041039005521576,ZERO-Basis,KKW50,PJ
Landwirtschaft,2017,1.4301680361478444,ZERO-Basis,KKW50,PJ
Landwirtschaft,2018,1.4202645130977527,ZERO-Basis,KKW50,PJ
Landwirtschaft,2019,1.3821107547759048,ZERO-Basis,KKW50,PJ
Landwirtschaft,2020,1.405757837375472,ZERO-Basis,KKW50,PJ
Landwirtschaft,2021,1.3830829844485804,ZERO-Basis,KKW50,PJ
Landwirtschaft,2022,1.3610668981949308,ZERO-Basis,KKW50,PJ
Landwirtschaft,2023,1.3338746071466776,ZERO-Basis,KKW50,PJ
Landwirtschaft,2024,1.305312177864649,ZERO-Basis,KKW50,PJ
Landwirtschaft,2025,1.278609848990814,ZERO-Basis,KKW50,PJ
Landwirtschaft,2026,1.244235074789112,ZERO-Basis,KKW50,PJ
Landwirtschaft,2027,1.206595267440506,ZERO-Basis,KKW50,PJ
Landwirtschaft,2028,1.1661659244073963,ZERO-Basis,KKW50,PJ
Landwirtschaft,2029,1.128507493868356,ZERO-Basis,KKW50,PJ
Landwirtschaft,2030,1.0913752235987886,ZERO-Basis,KKW50,PJ
Landwirtschaft,2031,1.0498944056287896,ZERO-Basis,KKW50,PJ
Landwirtschaft,2032,1.009460150553416,ZERO-Basis,KKW50,PJ
Landwirtschaft,2033,0.9676409984155492,ZERO-Basis,KKW50,PJ
Landwirtschaft,2034,0.9267513581016276,ZERO-Basis,KKW50,PJ
Landwirtschaft,2035,0.8926215006386262,ZERO-Basis,KKW50,PJ
Landwirtschaft,2036,0.8736360812058195,ZERO-Basis,KKW50,PJ
Landwirtschaft,2037,0.8571533694239328,ZERO-Basis,KKW50,PJ
Landwirtschaft,2038,0.8392237338130318,ZERO-Basis,KKW50,PJ
Landwirtschaft,2039,0.8270497584651013,ZERO-Basis,KKW50,PJ
Landwirtschaft,2040,0.8142767617204603,ZERO-Basis,KKW50,PJ
Landwirtschaft,2041,0.8049794628763067,ZERO-Basis,KKW50,PJ
Landwirtschaft,2042,0.7946099518787975,ZERO-Basis,KKW50,PJ
Landwirtschaft,2043,0.7852573909935747,ZERO-Basis,KKW50,PJ
Landwirtschaft,2044,0.7748008223528644,ZERO-Basis,KKW50,PJ
Landwirtschaft,2045,0.7677472604565345,ZERO-Basis,KKW50,PJ
Landwirtschaft,2046,0.7558117757261774,ZERO-Basis,KKW50,PJ
Landwirtschaft,2047,0.7453800716541142,ZERO-Basis,KKW50,PJ
Landwirtschaft,2048,0.7369337337384753,ZERO-Basis,KKW50,PJ
Landwirtschaft,2049,0.72960189808142,ZERO-Basis,KKW50,PJ
Landwirtschaft,2050,0.7216666897392516,ZERO-Basis,KKW50,PJ
Landwirtschaft,2051,0.7140926668652091,ZERO-Basis,KKW50,PJ
Landwirtschaft,2052,0.7076464058129631,ZERO-Basis,KKW50,PJ
Landwirtschaft,2053,0.6999649435982134,ZERO-Basis,KKW50,PJ
Landwirtschaft,2054,0.6940923469191902,ZERO-Basis,KKW50,PJ
Landwirtschaft,2055,0.6877756502149605,ZERO-Basis,KKW50,PJ
Landwirtschaft,2056,0.6823419049545768,ZERO-Basis,KKW50,PJ
Landwirtschaft,2057,0.6746673961561502,ZERO-Basis,KKW50,PJ
Landwirtschaft,2058,0.6699358062336874,ZERO-Basis,KKW50,PJ
Landwirtschaft,2059,0.6642919208942186,ZERO-Basis,KKW50,PJ
Landwirtschaft,2060,0.6593965022960111,ZERO-Basis,KKW50,PJ
Industrie,2000,28.721196813344775,ZERO-Basis,KKW50,PJ
Industrie,2001,32.77348894775858,ZERO-Basis,KKW50,PJ
Industrie,2002,28.336088282571787,ZERO-Basis,KKW50,PJ
Industrie,2003,32.673954249400566,ZERO-Basis,KKW50,PJ
Industrie,2004,31.61908848371131,ZERO-Basis,KKW50,PJ
Industrie,2005,32.24447649520199,ZERO-Basis,KKW50,PJ
Industrie,2006,32.41787309042019,ZERO-Basis,KKW50,PJ
Industrie,2007,27.413625106265844,ZERO-Basis,KKW50,PJ
Industrie,2008,31.226437130996626,ZERO-Basis,KKW50,PJ
Industrie,2009,33.05258259754894,ZERO-Basis,KKW50,PJ
Industrie,2010,36.94427958720128,ZERO-Basis,KKW50,PJ
Industrie,2011,27.587915358438657,ZERO-Basis,KKW50,PJ
Industrie,2012,30.057056418171975,ZERO-Basis,KKW50,PJ
Industrie,2013,33.99274774520109,ZERO-Basis,KKW50,PJ
Industrie,2014,24.097165236649506,ZERO-Basis,KKW50,PJ
Industrie,2015,27.42072674210203,ZERO-Basis,KKW50,PJ
Industrie,2016,30.090843163590513,ZERO-Basis,KKW50,PJ
Industrie,2017,28.974697417954648,ZERO-Basis,KKW50,PJ
Industrie,2018,24.908435034928605,ZERO-Basis,KKW50,PJ
Industrie,2019,26.503909544217574,ZERO-Basis,KKW50,PJ
Industrie,2020,26.243011498624988,ZERO-Basis,KKW50,PJ
Industrie,2021,25.479001803958962,ZERO-Basis,KKW50,PJ
Industrie,2022,24.769729114381327,ZERO-Basis,KKW50,PJ
Industrie,2023,24.112210681056123,ZERO-Basis,KKW50,PJ
Industrie,2024,23.492323635062508,ZERO-Basis,KKW50,PJ
Industrie,2025,22.906969872851107,ZERO-Basis,KKW50,PJ
Industrie,2026,22.348389974218932,ZERO-Basis,KKW50,PJ
Industrie,2027,21.8135068023746,ZERO-Basis,KKW50,PJ
Industrie,2028,21.298235570571663,ZERO-Basis,KKW50,PJ
Industrie,2029,20.79899321572144,ZERO-Basis,KKW50,PJ
Industrie,2030,20.318319083572014,ZERO-Basis,KKW50,PJ
Industrie,2031,19.847265869395486,ZERO-Basis,KKW50,PJ
Industrie,2032,19.384918665887998,ZERO-Basis,KKW50,PJ
Industrie,2033,18.930937427106652,ZERO-Basis,KKW50,PJ
Industrie,2034,18.487426725839107,ZERO-Basis,KKW50,PJ
Industrie,2035,18.05471943093715,ZERO-Basis,KKW50,PJ
Industrie,2036,17.626084489598473,ZERO-Basis,KKW50,PJ
Industrie,2037,17.218505733917038,ZERO-Basis,KKW50,PJ
Industrie,2038,16.82405480148934,ZERO-Basis,KKW50,PJ
Industrie,2039,16.440912506464432,ZERO-Basis,KKW50,PJ
Industrie,2040,16.069769200512027,ZERO-Basis,KKW50,PJ
Industrie,2041,15.704027873514871,ZERO-Basis,KKW50,PJ
Industrie,2042,15.347668120837147,ZERO-Basis,KKW50,PJ
Industrie,2043,14.99924459475158,ZERO-Basis,KKW50,PJ
Industrie,2044,14.65782658527332,ZERO-Basis,KKW50,PJ
Industrie,2045,14.32377630912107,ZERO-Basis,KKW50,PJ
Industrie,2046,13.994050714972015,ZERO-Basis,KKW50,PJ
Industrie,2047,13.670824412501553,ZERO-Basis,KKW50,PJ
Industrie,2048,13.353105801092534,ZERO-Basis,KKW50,PJ
Industrie,2049,13.040157868523222,ZERO-Basis,KKW50,PJ
Industrie,2050,12.732794482231194,ZERO-Basis,KKW50,PJ
Industrie,2051,12.431395221331591,ZERO-Basis,KKW50,PJ
Industrie,2052,12.137540443462115,ZERO-Basis,KKW50,PJ
Industrie,2053,11.84988967463741,ZERO-Basis,KKW50,PJ
Industrie,2054,11.56770185439656,ZERO-Basis,KKW50,PJ
Industrie,2055,11.289659632004227,ZERO-Basis,KKW50,PJ
Industrie,2056,11.014980936217196,ZERO-Basis,KKW50,PJ
Industrie,2057,10.742220596214883,ZERO-Basis,KKW50,PJ
Industrie,2058,10.471072851114451,ZERO-Basis,KKW50,PJ
Industrie,2059,10.200592871144497,ZERO-Basis,KKW50,PJ
Industrie,2060,9.930251094468728,ZERO-Basis,KKW50,PJ
Summe,2000,353.2122277253326,ZERO-Basis,KKW50,PJ
Summe,2001,373.78647611751046,ZERO-Basis,KKW50,PJ
Summe,2002,357.342682676666,ZERO-Basis,KKW50,PJ
Summe,2003,379.0888533681334,ZERO-Basis,KKW50,PJ
Summe,2004,377.8149776815304,ZERO-Basis,KKW50,PJ
Summe,2005,387.43536396257923,ZERO-Basis,KKW50,PJ
Summe,2006,377.6863921305431,ZERO-Basis,KKW50,PJ
Summe,2007,342.5490051885543,ZERO-Basis,KKW50,PJ
Summe,2008,367.1366259510386,ZERO-Basis,KKW50,PJ
Summe,2009,364.7631474205429,ZERO-Basis,KKW50,PJ
Summe,2010,396.2789972128323,ZERO-Basis,KKW50,PJ
Summe,2011,330.49117283590175,ZERO-Basis,KKW50,PJ
Summe,2012,359.9097131539923,ZERO-Basis,KKW50,PJ
Summe,2013,385.8418635519424,ZERO-Basis,KKW50,PJ
Summe,2014,315.2797407923964,ZERO-Basis,KKW50,PJ
Summe,2015,340.2705684570754,ZERO-Basis,KKW50,PJ
Summe,2016,355.6470312111655,ZERO-Basis,KKW50,PJ
Summe,2017,347.69080737826414,ZERO-Basis,KKW50,PJ
Summe,2018,324.29858046765077,ZERO-Basis,KKW50,PJ
Summe,2019,329.84654448792,ZERO-Basis,KKW50,PJ
Summe,2020,338.856240461723,ZERO-Basis,KKW50,PJ
Summe,2021,334.10000669548197,ZERO-Basis,KKW50,PJ
Summe,2022,329.2512485854712,ZERO-Basis,KKW50,PJ
Summe,2023,324.6441721014127,ZERO-Basis,KKW50,PJ
Summe,2024,320.551496994021,ZERO-Basis,KKW50,PJ
Summe,2025,316.23618811878976,ZERO-Basis,KKW50,PJ
Summe,2026,312.153393392599,ZERO-Basis,KKW50,PJ
Summe,2027,308.25841902003464,ZERO-Basis,KKW50,PJ
Summe,2028,304.125581432307,ZERO-Basis,KKW50,PJ
Summe,2029,300.26477362170635,ZERO-Basis,KKW50,PJ
Summe,2030,296.475145834383,ZERO-Basis,KKW50,PJ
Summe,2031,293.1030418690085,ZERO-Basis,KKW50,PJ
Summe,2032,289.3882389321072,ZERO-Basis,KKW50,PJ
Summe,2033,285.8677390286965,ZERO-Basis,KKW50,PJ
Summe,2034,282.12094490402905,ZERO-Basis,KKW50,PJ
Summe,2035,278.6255072740626,ZERO-Basis,KKW50,PJ
Summe,2036,274.8624471079123,ZERO-Basis,KKW50,PJ
Summe,2037,271.2958264358581,ZERO-Basis,KKW50,PJ
Summe,2038,267.7287362692147,ZERO-Basis,KKW50,PJ
Summe,2039,264.50909925636444,ZERO-Basis,KKW50,PJ
Summe,2040,261.19029628429587,ZERO-Basis,KKW50,PJ
Summe,2041,258.22216102652123,ZERO-Basis,KKW50,PJ
Summe,2042,255.3805947701869,ZERO-Basis,KKW50,PJ
Summe,2043,252.64161255103036,ZERO-Basis,KKW50,PJ
Summe,2044,249.96071025288558,ZERO-Basis,KKW50,PJ
Summe,2045,247.44538385528995,ZERO-Basis,KKW50,PJ
Summe,2046,245.02212043616578,ZERO-Basis,KKW50,PJ
Summe,2047,242.62041834367386,ZERO-Basis,KKW50,PJ
Summe,2048,240.31001590136367,ZERO-Basis,KKW50,PJ
Summe,2049,238.22297664985666,ZERO-Basis,KKW50,PJ
Summe,2050,236.2728232970999,ZERO-Basis,KKW50,PJ
Summe,2051,234.2743322105829,ZERO-Basis,KKW50,PJ
Summe,2052,232.57470783707203,ZERO-Basis,KKW50,PJ
Summe,2053,231.00401309368874,ZERO-Basis,KKW50,PJ
Summe,2054,229.4829949012863,ZERO-Basis,KKW50,PJ
Summe,2055,228.0734727554322,ZERO-Basis,KKW50,PJ
Summe,2056,226.65788521945996,ZERO-Basis,KKW50,PJ
Summe,2057,225.1549688431391,ZERO-Basis,KKW50,PJ
Summe,2058,223.823085788958,ZERO-Basis,KKW50,PJ
Summe,2059,222.59316085787657,ZERO-Basis,KKW50,PJ
Summe,2060,221.29708820843894,ZERO-Basis,KKW50,PJ
Haushalte,2000,206.8862938943584,ZERO-B,KKW50,PJ
Haushalte,2001,217.73287902497594,ZERO-B,KKW50,PJ
Haushalte,2002,211.25437521832563,ZERO-B,KKW50,PJ
Haushalte,2003,222.67047479300197,ZERO-B,KKW50,PJ
Haushalte,2004,223.67041139662928,ZERO-B,KKW50,PJ
Haushalte,2005,228.47966962862952,ZERO-B,KKW50,PJ
Haushalte,2006,221.77523709463753,ZERO-B,KKW50,PJ
Haushalte,2007,200.38724587758614,ZERO-B,KKW50,PJ
Haushalte,2008,214.71689925051618,ZERO-B,KKW50,PJ
Haushalte,2009,212.05127620992587,ZERO-B,KKW50,PJ
Haushalte,2010,231.05294460644777,ZERO-B,KKW50,PJ
Haushalte,2011,190.7750309873381,ZERO-B,KKW50,PJ
Haushalte,2012,209.57351864444723,ZERO-B,KKW50,PJ
Haushalte,2013,224.8076332333835,ZERO-B,KKW50,PJ
Haushalte,2014,183.00172359590596,ZERO-B,KKW50,PJ
Haushalte,2015,197.0817791047065,ZERO-B,KKW50,PJ
Haushalte,2016,205.60745714820507,ZERO-B,KKW50,PJ
Haushalte,2017,200.53352387361477,ZERO-B,KKW50,PJ
Haushalte,2018,187.45884704259862,ZERO-B,KKW50,PJ
Haushalte,2019,190.35828853752798,ZERO-B,KKW50,PJ
Haushalte,2020,200.65242866917455,ZERO-B,KKW50,PJ
Haushalte,2021,199.19509236892264,ZERO-B,KKW50,PJ
Haushalte,2022,197.84070603409717,ZERO-B,KKW50,PJ
Haushalte,2023,196.46377504398365,ZERO-B,KKW50,PJ
Haushalte,2024,195.14744278163587,ZERO-B,KKW50,PJ
Haushalte,2025,193.7655891912546,ZERO-B,KKW50,PJ
Haushalte,2026,192.3589916977052,ZERO-B,KKW50,PJ
Haushalte,2027,190.9204481330228,ZERO-B,KKW50,PJ
Haushalte,2028,189.53748307603936,ZERO-B,KKW50,PJ
Haushalte,2029,188.07928780501305,ZERO-B,KKW50,PJ
Haushalte,2030,186.59040970665785,ZERO-B,KKW50,PJ
Haushalte,2031,185.18859253254902,ZERO-B,KKW50,PJ
Haushalte,2032,183.73634831012512,ZERO-B,KKW50,PJ
Haushalte,2033,182.21472288683083,ZERO-B,KKW50,PJ
Haushalte,2034,180.67910899353376,ZERO-B,KKW50,PJ
Haushalte,2035,179.09710125490713,ZERO-B,KKW50,PJ
Haushalte,2036,177.6229913063105,ZERO-B,KKW50,PJ
Haushalte,2037,176.07047121593095,ZERO-B,KKW50,PJ
Haushalte,2038,174.4919521824876,ZERO-B,KKW50,PJ
Haushalte,2039,172.91826627530412,ZERO-B,KKW50,PJ
Haushalte,2040,171.33242928836262,ZERO-B,KKW50,PJ
Haushalte,2041,169.98702361034375,ZERO-B,KKW50,PJ
Haushalte,2042,168.68175796012707,ZERO-B,KKW50,PJ
Haushalte,2043,167.3054928053825,ZERO-B,KKW50,PJ
Haushalte,2044,165.96663546157083,ZERO-B,KKW50,PJ
Haushalte,2045,164.66463466394757,ZERO-B,KKW50,PJ
Haushalte,2046,163.42356848741082,ZERO-B,KKW50,PJ
Haushalte,2047,162.2433093710935,ZERO-B,KKW50,PJ
Haushalte,2048,161.13746045250036,ZERO-B,KKW50,PJ
Haushalte,2049,160.04380511121818,ZERO-B,KKW50,PJ
Haushalte,2050,159.01514760392416,ZERO-B,KKW50,PJ
Haushalte,2051,158.03176932784442,ZERO-B,KKW50,PJ
Haushalte,2052,157.16036905817919,ZERO-B,KKW50,PJ
Haushalte,2053,156.30012823203828,ZERO-B,KKW50,PJ
Haushalte,2054,155.4876662416398,ZERO-B,KKW50,PJ
Haushalte,2055,154.69586033062336,ZERO-B,KKW50,PJ
Haushalte,2056,153.9022532628054,ZERO-B,KKW50,PJ
Haushalte,2057,153.12887493276713,ZERO-B,KKW50,PJ
Haushalte,2058,152.3632231747712,ZERO-B,KKW50,PJ
Haushalte,2059,151.60412624397495,ZERO-B,KKW50,PJ
Haushalte,2060,150.8290778601286,ZERO-B,KKW50,PJ
Dienstleistungen,2000,115.98597623556122,ZERO-B,KKW50,PJ
Dienstleistungen,2001,121.55087785467816,ZERO-B,KKW50,PJ
Dienstleistungen,2002,116.1220801414748,ZERO-B,KKW50,PJ
Dienstleistungen,2003,122.11522384270855,ZERO-B,KKW50,PJ
Dienstleistungen,2004,120.90291558934574,ZERO-B,KKW50,PJ
Dienstleistungen,2005,125.10079974535168,ZERO-B,KKW50,PJ
Dienstleistungen,2006,121.9663968361992,ZERO-B,KKW50,PJ
Dienstleistungen,2007,113.2578079596346,ZERO-B,KKW50,PJ
Dienstleistungen,2008,119.71309016851588,ZERO-B,KKW50,PJ
Dienstleistungen,2009,118.18582507295801,ZERO-B,KKW50,PJ
Dienstleistungen,2010,126.83742725664014,ZERO-B,KKW50,PJ
Dienstleistungen,2011,110.66512858162751,ZERO-B,KKW50,PJ
Dienstleistungen,2012,118.83160454504558,ZERO-B,KKW50,PJ
Dienstleistungen,2013,125.62590768046647,ZERO-B,KKW50,PJ
Dienstleistungen,2014,106.77856082095462,ZERO-B,KKW50,PJ
Dienstleistungen,2015,114.36261118949355,ZERO-B,KKW50,PJ
Dienstleistungen,2016,118.54459259706975,ZERO-B,KKW50,PJ
Dienstleistungen,2017,116.75235639606912,ZERO-B,KKW50,PJ
Dienstleistungen,2018,110.51094058273507,ZERO-B,KKW50,PJ
Dienstleistungen,2019,111.60209468295542,ZERO-B,KKW50,PJ
Dienstleistungen,2020,111.08145064977217,ZERO-B,KKW50,PJ
Dienstleistungen,2021,108.95564441931617,ZERO-B,KKW50,PJ
Dienstleistungen,2022,106.77682848150712,ZERO-B,KKW50,PJ
Dienstleistungen,2023,104.8228440180638,ZERO-B,KKW50,PJ
Dienstleistungen,2024,102.9735094030648,ZERO-B,KKW50,PJ
Dienstleistungen,2025,101.013463715759,ZERO-B,KKW50,PJ
Dienstleistungen,2026,99.21293343164135,ZERO-B,KKW50,PJ
Dienstleistungen,2027,97.49037590938731,ZERO-B,KKW50,PJ
Dienstleistungen,2028,95.61398670127052,ZERO-B,KKW50,PJ
Dienstleistungen,2029,93.90332573774404,ZERO-B,KKW50,PJ
Dienstleistungen,2030,92.36822205990778,ZERO-B,KKW50,PJ
Dienstleistungen,2031,91.03718668326758,ZERO-B,KKW50,PJ
Dienstleistungen,2032,89.50594971780146,ZERO-B,KKW50,PJ
Dienstleistungen,2033,88.39413566114456,ZERO-B,KKW50,PJ
Dienstleistungen,2034,86.8624914014135,ZERO-B,KKW50,PJ
Dienstleistungen,2035,85.6632837773052,ZERO-B,KKW50,PJ
Dienstleistungen,2036,84.17785887658506,ZERO-B,KKW50,PJ
Dienstleistungen,2037,82.61073429323243,ZERO-B,KKW50,PJ
Dienstleistungen,2038,81.34201487162254,ZERO-B,KKW50,PJ
Dienstleistungen,2039,80.22883534605174,ZERO-B,KKW50,PJ
Dienstleistungen,2040,79.0840432175917,ZERO-B,KKW50,PJ
Dienstleistungen,2041,78.02576189797321,ZERO-B,KKW50,PJ
Dienstleistungen,2042,77.05117356845014,ZERO-B,KKW50,PJ
Dienstleistungen,2043,76.065987327005,ZERO-B,KKW50,PJ
Dienstleistungen,2044,75.21470717301041,ZERO-B,KKW50,PJ
Dienstleistungen,2045,74.51271644663352,ZERO-B,KKW50,PJ
Dienstleistungen,2046,73.70534239895424,ZERO-B,KKW50,PJ
Dienstleistungen,2047,73.09284285164647,ZERO-B,KKW50,PJ
Dienstleistungen,2048,72.38418865632556,ZERO-B,KKW50,PJ
Dienstleistungen,2049,71.81102148132692,ZERO-B,KKW50,PJ
Dienstleistungen,2050,71.19451278985589,ZERO-B,KKW50,PJ
Dienstleistungen,2051,70.62473523105537,ZERO-B,KKW50,PJ
Dienstleistungen,2052,70.12198158716384,ZERO-B,KKW50,PJ
Dienstleistungen,2053,69.63789118022967,ZERO-B,KKW50,PJ
Dienstleistungen,2054,69.31663825736771,ZERO-B,KKW50,PJ
Dienstleistungen,2055,68.860401543189,ZERO-B,KKW50,PJ
Dienstleistungen,2056,68.69953137704529,ZERO-B,KKW50,PJ
Dienstleistungen,2057,68.27865698617808,ZERO-B,KKW50,PJ
Dienstleistungen,2058,67.8604277822104,ZERO-B,KKW50,PJ
Dienstleistungen,2059,67.51925835641867,ZERO-B,KKW50,PJ
Dienstleistungen,2060,67.13251447535092,ZERO-B,KKW50,PJ
Landwirtschaft,2000,1.61890584965163,ZERO-B,KKW50,PJ
Landwirtschaft,2001,1.7344999864059467,ZERO-B,KKW50,PJ
Landwirtschaft,2002,1.6333790046826997,ZERO-B,KKW50,PJ
Landwirtschaft,2003,1.6317748118106243,ZERO-B,KKW50,PJ
Landwirtschaft,2004,1.6243908832413707,ZERO-B,KKW50,PJ
Landwirtschaft,2005,1.6107444781677311,ZERO-B,KKW50,PJ
Landwirtschaft,2006,1.5263085229323685,ZERO-B,KKW50,PJ
Landwirtschaft,2007,1.4893649691770467,ZERO-B,KKW50,PJ
Landwirtschaft,2008,1.4792552039726021,ZERO-B,KKW50,PJ
Landwirtschaft,2009,1.4725302366542992,ZERO-B,KKW50,PJ
Landwirtschaft,2010,1.443334107347894,ZERO-B,KKW50,PJ
Landwirtschaft,2011,1.4613670086179962,ZERO-B,KKW50,PJ
Landwirtschaft,2012,1.4457867340495258,ZERO-B,KKW50,PJ
Landwirtschaft,2013,1.4137788083246292,ZERO-B,KKW50,PJ
Landwirtschaft,2014,1.4007996445201025,ZERO-B,KKW50,PJ
Landwirtschaft,2015,1.4036906359572137,ZERO-B,KKW50,PJ
Landwirtschaft,2016,1.4022557971958598,ZERO-B,KKW50,PJ
Landwirtschaft,2017,1.4273041814810394,ZERO-B,KKW50,PJ
Landwirtschaft,2018,1.4176997908002515,ZERO-B,KKW50,PJ
Landwirtschaft,2019,1.3798221307342318,ZERO-B,KKW50,PJ
Landwirtschaft,2020,1.4024457540731112,ZERO-B,KKW50,PJ
Landwirtschaft,2021,1.3822708292606838,ZERO-B,KKW50,PJ
Landwirtschaft,2022,1.3609797274164412,ZERO-B,KKW50,PJ
Landwirtschaft,2023,1.3341579721349106,ZERO-B,KKW50,PJ
Landwirtschaft,2024,1.3086034837629494,ZERO-B,KKW50,PJ
Landwirtschaft,2025,1.2828834951186123,ZERO-B,KKW50,PJ
Landwirtschaft,2026,1.2484138727652183,ZERO-B,KKW50,PJ
Landwirtschaft,2027,1.2114180068175577,ZERO-B,KKW50,PJ
Landwirtschaft,2028,1.173480779471791,ZERO-B,KKW50,PJ
Landwirtschaft,2029,1.1356295683819377,ZERO-B,KKW50,PJ
Landwirtschaft,2030,1.0974880268544887,ZERO-B,KKW50,PJ
Landwirtschaft,2031,1.0578491193794544,ZERO-B,KKW50,PJ
Landwirtschaft,2032,1.018329029088588,ZERO-B,KKW50,PJ
Landwirtschaft,2033,0.9777280972527764,ZERO-B,KKW50,PJ
Landwirtschaft,2034,0.9373269219726631,ZERO-B,KKW50,PJ
Landwirtschaft,2035,0.8960801597088542,ZERO-B,KKW50,PJ
Landwirtschaft,2036,0.8794268903519027,ZERO-B,KKW50,PJ
Landwirtschaft,2037,0.8628295177439514,ZERO-B,KKW50,PJ
Landwirtschaft,2038,0.8457451411451479,ZERO-B,KKW50,PJ
Landwirtschaft,2039,0.836121719291093,ZERO-B,KKW50,PJ
Landwirtschaft,2040,0.8232770149459177,ZERO-B,KKW50,PJ
Landwirtschaft,2041,0.8146908667587026,ZERO-B,KKW50,PJ
Landwirtschaft,2042,0.8032810701244688,ZERO-B,KKW50,PJ
Landwirtschaft,2043,0.7947818115291071,ZERO-B,KKW50,PJ
Landwirtschaft,2044,0.7858539819699026,ZERO-B,KKW50,PJ
Landwirtschaft,2045,0.7760843510661039,ZERO-B,KKW50,PJ
Landwirtschaft,2046,0.7678487497900326,ZERO-B,KKW50,PJ
Landwirtschaft,2047,0.7584493659656371,ZERO-B,KKW50,PJ
Landwirtschaft,2048,0.7496171263300935,ZERO-B,KKW50,PJ
Landwirtschaft,2049,0.7408189316123293,ZERO-B,KKW50,PJ
Landwirtschaft,2050,0.7329915658348639,ZERO-B,KKW50,PJ
Landwirtschaft,2051,0.7262497467369164,ZERO-B,KKW50,PJ
Landwirtschaft,2052,0.7193497578317708,ZERO-B,KKW50,PJ
Landwirtschaft,2053,0.7141885064461349,ZERO-B,KKW50,PJ
Landwirtschaft,2054,0.7086741991638607,ZERO-B,KKW50,PJ
Landwirtschaft,2055,0.7035668857548969,ZERO-B,KKW50,PJ
Landwirtschaft,2056,0.6994211633028051,ZERO-B,KKW50,PJ
Landwirtschaft,2057,0.6930999659122143,ZERO-B,KKW50,PJ
Landwirtschaft,2058,0.6890341637395756,ZERO-B,KKW50,PJ
Landwirtschaft,2059,0.6846136247291169,ZERO-B,KKW50,PJ
Landwirtschaft,2060,0.6815893962849254,ZERO-B,KKW50,PJ
Industrie,2000,28.723632854295253,ZERO-B,KKW50,PJ
Industrie,2001,32.775239711127725,ZERO-B,KKW50,PJ
Industrie,2002,28.33550966348166,ZERO-B,KKW50,PJ
Industrie,2003,32.67715342997789,ZERO-B,KKW50,PJ
Industrie,2004,31.617514175588827,ZERO-B,KKW50,PJ
Industrie,2005,32.24397859974668,ZERO-B,KKW50,PJ
Industrie,2006,32.41455560331976,ZERO-B,KKW50,PJ
Industrie,2007,27.412570059787146,ZERO-B,KKW50,PJ
Industrie,2008,31.22356116631413,ZERO-B,KKW50,PJ
Industrie,2009,33.052563451432036,ZERO-B,KKW50,PJ
Industrie,2010,36.94426917847711,ZERO-B,KKW50,PJ
Industrie,2011,27.587538375755415,ZERO-B,KKW50,PJ
Industrie,2012,30.05475898057665,ZERO-B,KKW50,PJ
Industrie,2013,33.99008813532692,ZERO-B,KKW50,PJ
Industrie,2014,24.087028254677147,ZERO-B,KKW50,PJ
Industrie,2015,27.407884268210935,ZERO-B,KKW50,PJ
Industrie,2016,30.079538660737605,ZERO-B,KKW50,PJ
Industrie,2017,28.960286790468594,ZERO-B,KKW50,PJ
Industrie,2018,24.833057603872557,ZERO-B,KKW50,PJ
Industrie,2019,26.36359870597888,ZERO-B,KKW50,PJ
Industrie,2020,26.24301149862499,ZERO-B,KKW50,PJ
Industrie,2021,25.479001803958965,ZERO-B,KKW50,PJ
Industrie,2022,24.769729114381313,ZERO-B,KKW50,PJ
Industrie,2023,24.112210681056112,ZERO-B,KKW50,PJ
Industrie,2024,23.492323635062508,ZERO-B,KKW50,PJ
Industrie,2025,22.906969872851118,ZERO-B,KKW50,PJ
Industrie,2026,22.348389974218932,ZERO-B,KKW50,PJ
Industrie,2027,21.813506802374604,ZERO-B,KKW50,PJ
Industrie,2028,21.298235570571652,ZERO-B,KKW50,PJ
Industrie,2029,20.79899321572145,ZERO-B,KKW50,PJ
Industrie,2030,20.318319083572018,ZERO-B,KKW50,PJ
Industrie,2031,19.847265869395486,ZERO-B,KKW50,PJ
Industrie,2032,19.384918665887994,ZERO-B,KKW50,PJ
Industrie,2033,18.93093742710665,ZERO-B,KKW50,PJ
Industrie,2034,18.487426725839107,ZERO-B,KKW50,PJ
Industrie,2035,18.05471943093715,ZERO-B,KKW50,PJ
Industrie,2036,17.62608448959848,ZERO-B,KKW50,PJ
Industrie,2037,17.218505733917038,ZERO-B,KKW50,PJ
Industrie,2038,16.82405480148933,ZERO-B,KKW50,PJ
Industrie,2039,16.44091250646444,ZERO-B,KKW50,PJ
Industrie,2040,16.069769200512027,ZERO-B,KKW50,PJ
Industrie,2041,15.704027873514875,ZERO-B,KKW50,PJ
Industrie,2042,15.347668120837149,ZERO-B,KKW50,PJ
Industrie,2043,14.999244594751588,ZERO-B,KKW50,PJ
Industrie,2044,14.657826585273318,ZERO-B,KKW50,PJ
Industrie,2045,14.323776309121065,ZERO-B,KKW50,PJ
Industrie,2046,13.994050714972019,ZERO-B,KKW50,PJ
Industrie,2047,13.670824412501553,ZERO-B,KKW50,PJ
Industrie,2048,13.353105801092532,ZERO-B,KKW50,PJ
Industrie,2049,13.040157868523222,ZERO-B,KKW50,PJ
Industrie,2050,12.732794482231194,ZERO-B,KKW50,PJ
Industrie,2051,12.431395221331584,ZERO-B,KKW50,PJ
Industrie,2052,12.137540443462115,ZERO-B,KKW50,PJ
Industrie,2053,11.849889674637403,ZERO-B,KKW50,PJ
Industrie,2054,11.567701854396569,ZERO-B,KKW50,PJ
Industrie,2055,11.289659632004224,ZERO-B,KKW50,PJ
Industrie,2056,11.014980936217194,ZERO-B,KKW50,PJ
Industrie,2057,10.742220596214889,ZERO-B,KKW50,PJ
Industrie,2058,10.471072851114455,ZERO-B,KKW50,PJ
Industrie,2059,10.2005928711445,ZERO-B,KKW50,PJ
Industrie,2060,9.930251094468728,ZERO-B,KKW50,PJ
Summe,2000,353.2148088338665,ZERO-B,KKW50,PJ
Summe,2001,373.79349657718774,ZERO-B,KKW50,PJ
Summe,2002,357.3453440279648,ZERO-B,KKW50,PJ
Summe,2003,379.09462687749897,ZERO-B,KKW50,PJ
Summe,2004,377.8152320448052,ZERO-B,KKW50,PJ
Summe,2005,387.4351924518956,ZERO-B,KKW50,PJ
Summe,2006,377.6824980570888,ZERO-B,KKW50,PJ
Summe,2007,342.54698886618496,ZERO-B,KKW50,PJ
Summe,2008,367.1328057893188,ZERO-B,KKW50,PJ
Summe,2009,364.7621949709702,ZERO-B,KKW50,PJ
Summe,2010,396.2779751489129,ZERO-B,KKW50,PJ
Summe,2011,330.489064953339,ZERO-B,KKW50,PJ
Summe,2012,359.905668904119,ZERO-B,KKW50,PJ
Summe,2013,385.83740785750155,ZERO-B,KKW50,PJ
Summe,2014,315.2681123160578,ZERO-B,KKW50,PJ
Summe,2015,340.2559651983682,ZERO-B,KKW50,PJ
Summe,2016,355.6338442032083,ZERO-B,KKW50,PJ
Summe,2017,347.67347124163354,ZERO-B,KKW50,PJ
Summe,2018,324.2205450200065,ZERO-B,KKW50,PJ
Summe,2019,329.7038040571965,ZERO-B,KKW50,PJ
Summe,2020,339.3793365716448,ZERO-B,KKW50,PJ
Summe,2021,335.01200942145846,ZERO-B,KKW50,PJ
Summe,2022,330.7482433574021,ZERO-B,KKW50,PJ
Summe,2023,326.7329877152385,ZERO-B,KKW50,PJ
Summe,2024,322.92187930352617,ZERO-B,KKW50,PJ
Summe,2025,318.9689062749833,ZERO-B,KKW50,PJ
Summe,2026,315.1687289763307,ZERO-B,KKW50,PJ
Summe,2027,311.4357488516023,ZERO-B,KKW50,PJ
Summe,2028,307.62318612735334,ZERO-B,KKW50,PJ
Summe,2029,303.9172363268605,ZERO-B,KKW50,PJ
Summe,2030,300.37443887699214,ZERO-B,KKW50,PJ
Summe,2031,297.1308942045915,ZERO-B,KKW50,PJ
Summe,2032,293.6455457229032,ZERO-B,KKW50,PJ
Summe,2033,290.5175240723348,ZERO-B,KKW50,PJ
Summe,2034,286.966354042759,ZERO-B,KKW50,PJ
Summe,2035,283.7111846228583,ZERO-B,KKW50,PJ
Summe,2036,280.30636156284595,ZERO-B,KKW50,PJ
Summe,2037,276.7625407608243,ZERO-B,KKW50,PJ
Summe,2038,273.5037669967446,ZERO-B,KKW50,PJ
Summe,2039,270.4241358471114,ZERO-B,KKW50,PJ
Summe,2040,267.30951872141225,ZERO-B,KKW50,PJ
Summe,2041,264.5315042485905,ZERO-B,KKW50,PJ
Summe,2042,261.8838807195388,ZERO-B,KKW50,PJ
Summe,2043,259.1655065386682,ZERO-B,KKW50,PJ
Summe,2044,256.6250232018245,ZERO-B,KKW50,PJ
Summe,2045,254.27721177076825,ZERO-B,KKW50,PJ
Summe,2046,251.89081035112713,ZERO-B,KKW50,PJ
Summe,2047,249.76542600120715,ZERO-B,KKW50,PJ
Summe,2048,247.62437203624856,ZERO-B,KKW50,PJ
Summe,2049,245.63580339268063,ZERO-B,KKW50,PJ
Summe,2050,243.67544644184608,ZERO-B,KKW50,PJ
Summe,2051,241.81414952696827,ZERO-B,KKW50,PJ
Summe,2052,240.1392408466369,ZERO-B,KKW50,PJ
Summe,2053,238.5020975933515,ZERO-B,KKW50,PJ
Summe,2054,237.08068055256794,ZERO-B,KKW50,PJ
Summe,2055,235.5494883915715,ZERO-B,KKW50,PJ
Summe,2056,234.3161867393707,ZERO-B,KKW50,PJ
Summe,2057,232.8428524810723,ZERO-B,KKW50,PJ
Summe,2058,231.38375797183562,ZERO-B,KKW50,PJ
Summe,2059,230.00859109626722,ZERO-B,KKW50,PJ
Summe,2060,228.57343282623316,ZERO-B,KKW50,PJ
